*type	project_id	*submitter_id	*follow_ups.submitter_id	aliquot_amount	aliquot_collection_unit	specimen_type	container_type
aliquot	ardac-p-alchepnet	aliquot_1	follow_up_1	208	ml	HCl Acidified Plasma	1.5 ml Fisherbrand Sterile Microcentrifuge Tubes with Screw Caps
aliquot	ardac-p-alchepnet	aliquot_2	follow_up_2	5	ml	HCl Acidified Plasma	1.5 ml Fisherbrand Sterile Microcentrifuge Tubes with Screw Caps
aliquot	ardac-p-alchepnet	aliquot_3	follow_up_3	838	ml	Platelet Rich Plasma	2 ml microtubes
aliquot	ardac-p-alchepnet	aliquot_4	follow_up_4	310	ml	Platelet Poor Plasma	2 ml microtubes
aliquot	ardac-p-alchepnet	aliquot_5	follow_up_5	957	ml	Serum	2 ml microtubes
aliquot	ardac-p-alchepnet	aliquot_6	follow_up_6	45	Collection Kit	Serum	Collection Kit
aliquot	ardac-p-alchepnet	aliquot_7	follow_up_7	531	Collection Kit	Serum	Collection Kit
aliquot	ardac-p-alchepnet	aliquot_8	follow_up_8	135	ml	HCl Acidified Plasma	1.5 ml Fisherbrand Sterile Microcentrifuge Tubes with Screw Caps
aliquot	ardac-p-alchepnet	aliquot_9	follow_up_9	258	ml	RBC Lysis	1.8 ml cryovials
aliquot	ardac-p-alchepnet	aliquot_10	follow_up_10	623	ml	Urine	5 ml cryovials
aliquot	ardac-p-alchepnet	aliquot_11	follow_up_11	774	ml	Platelet Poor Plasma	2 ml microtubes
aliquot	ardac-p-alchepnet	aliquot_12	follow_up_12	991	gram	Stool	Collection Cups
aliquot	ardac-p-alchepnet	aliquot_13	follow_up_13	207	ml	Serum	2 ml microtubes
aliquot	ardac-p-alchepnet	aliquot_14	follow_up_14	550	ml	Serum	2 ml microtubes
aliquot	ardac-p-alchepnet	aliquot_15	follow_up_15	453	ml	Serum	2 ml microtubes
aliquot	ardac-p-alchepnet	aliquot_16	follow_up_16	788	ml	Platelet Poor Plasma	2 ml microtubes
aliquot	ardac-p-alchepnet	aliquot_17	follow_up_17	872	ml	HCl Acidified Plasma	1.5 ml Fisherbrand Sterile Microcentrifuge Tubes with Screw Caps
aliquot	ardac-p-alchepnet	aliquot_18	follow_up_18	996	ml	Anakinra	2 ml microtubes
aliquot	ardac-p-alchepnet	aliquot_19	follow_up_19	309	gram	Stool	Collection Cups
aliquot	ardac-p-alchepnet	aliquot_20	follow_up_20	222	ml	HCl Acidified Plasma	1.5 ml Fisherbrand Sterile Microcentrifuge Tubes with Screw Caps
aliquot	ardac-p-alchepnet	aliquot_21	follow_up_21	193	ml	Urine	15 ml cryovials
aliquot	ardac-p-alchepnet	aliquot_22	follow_up_22	822	ml	Urine	15 ml cryovials
aliquot	ardac-p-alchepnet	aliquot_23	follow_up_23	284	ml	PBMC	1.8 ml cryovials
aliquot	ardac-p-alchepnet	aliquot_24	follow_up_24	137	ml	HCl Acidified Plasma	1.5 ml Fisherbrand Sterile Microcentrifuge Tubes with Screw Caps
aliquot	ardac-p-alchepnet	aliquot_25	follow_up_25	966	Collection Kit	Serum	Collection Kit
aliquot	ardac-p-alchepnet	aliquot_26	follow_up_26	495	ml	Anakinra	2 ml microtubes
aliquot	ardac-p-alchepnet	aliquot_27	follow_up_27	791	Collection Kit	Serum	Collection Kit
aliquot	ardac-p-alchepnet	aliquot_28	follow_up_28	160	ml	HCl Acidified Plasma	1.5 ml Fisherbrand Sterile Microcentrifuge Tubes with Screw Caps
aliquot	ardac-p-alchepnet	aliquot_29	follow_up_29	26	ml	DNA	2 ml microtubes
aliquot	ardac-p-alchepnet	aliquot_30	follow_up_30	477	ml	Platelet Rich Plasma	2 ml microtubes
aliquot	ardac-p-alchepnet	aliquot_31	follow_up_31	739	ml	CPT Plasma	2 ml microtubes
aliquot	ardac-p-alchepnet	aliquot_32	follow_up_32	542	ml	CPT Plasma	2 ml microtubes
aliquot	ardac-p-alchepnet	aliquot_33	follow_up_33	606	ml	DNA	2 ml microtubes
aliquot	ardac-p-alchepnet	aliquot_34	follow_up_34	722	ml	CPT Plasma	2 ml microtubes
aliquot	ardac-p-alchepnet	aliquot_35	follow_up_35	588	ml	Serum	2 ml microtubes
aliquot	ardac-p-alchepnet	aliquot_36	follow_up_36	223	ml	PBMC	1.8 ml cryovials
aliquot	ardac-p-alchepnet	aliquot_37	follow_up_37	21	gram	Stool	Collection Cups
aliquot	ardac-p-alchepnet	aliquot_38	follow_up_38	44	ml	Platelet Poor Plasma	2 ml microtubes
aliquot	ardac-p-alchepnet	aliquot_39	follow_up_39	963	ml	RBC Lysis	1.8 ml cryovials
aliquot	ardac-p-alchepnet	aliquot_40	follow_up_40	612	ml	CPT Plasma	2 ml microtubes
aliquot	ardac-p-alchepnet	aliquot_41	follow_up_41	98	ml	PBMC	1.8 ml cryovials
aliquot	ardac-p-alchepnet	aliquot_42	follow_up_42	621	ml	DNA	2 ml microtubes
aliquot	ardac-p-alchepnet	aliquot_43	follow_up_43	957	ml	Anakinra	2 ml microtubes
aliquot	ardac-p-alchepnet	aliquot_44	follow_up_44	687	ml	HCl Acidified Plasma	1.5 ml Fisherbrand Sterile Microcentrifuge Tubes with Screw Caps
aliquot	ardac-p-alchepnet	aliquot_45	follow_up_45	166	ml	Platelet Poor Plasma	2 ml microtubes
aliquot	ardac-p-alchepnet	aliquot_46	follow_up_46	797	ml	PBMC	1.8 ml cryovials
aliquot	ardac-p-alchepnet	aliquot_47	follow_up_47	442	ml	HCl Acidified Plasma	1.5 ml Fisherbrand Sterile Microcentrifuge Tubes with Screw Caps
aliquot	ardac-p-alchepnet	aliquot_48	follow_up_48	751	ml	RBC Lysis	1.8 ml cryovials
aliquot	ardac-p-alchepnet	aliquot_49	follow_up_49	774	ml	PBMC	1.8 ml cryovials
aliquot	ardac-p-alchepnet	aliquot_50	follow_up_50	827	ml	DNA	2 ml microtubes
aliquot	ardac-p-alchepnet	aliquot_51	follow_up_51	380	gram	Stool	Collection Cups
aliquot	ardac-p-alchepnet	aliquot_52	follow_up_52	136	Collection Kit	Serum	Collection Kit
aliquot	ardac-p-alchepnet	aliquot_53	follow_up_53	109	ml	RBC Lysis	1.8 ml cryovials
aliquot	ardac-p-alchepnet	aliquot_54	follow_up_54	195	ml	Urine	15 ml cryovials
aliquot	ardac-p-alchepnet	aliquot_55	follow_up_55	370	ml	RBC Lysis	1.8 ml cryovials
aliquot	ardac-p-alchepnet	aliquot_56	follow_up_56	69	Collection Kit	Serum	Collection Kit
aliquot	ardac-p-alchepnet	aliquot_57	follow_up_57	572	ml	PBMC	1.8 ml cryovials
aliquot	ardac-p-alchepnet	aliquot_58	follow_up_58	234	gram	Stool	Collection Cups
aliquot	ardac-p-alchepnet	aliquot_59	follow_up_59	172	ml	CPT Plasma	2 ml microtubes
aliquot	ardac-p-alchepnet	aliquot_60	follow_up_60	751	ml	DNA	2 ml microtubes
aliquot	ardac-p-alchepnet	aliquot_61	follow_up_61	638	ml	Platelet Rich Plasma	2 ml microtubes
aliquot	ardac-p-alchepnet	aliquot_62	follow_up_62	317	ml	PBMC	1.8 ml cryovials
aliquot	ardac-p-alchepnet	aliquot_63	follow_up_63	763	gram	Stool	Collection Cups
aliquot	ardac-p-alchepnet	aliquot_64	follow_up_64	125	ml	HCl Acidified Plasma	1.5 ml Fisherbrand Sterile Microcentrifuge Tubes with Screw Caps
aliquot	ardac-p-alchepnet	aliquot_65	follow_up_65	244	ml	RBC Lysis	1.8 ml cryovials
aliquot	ardac-p-alchepnet	aliquot_66	follow_up_66	506	ml	Serum	2 ml microtubes
aliquot	ardac-p-alchepnet	aliquot_67	follow_up_67	968	Collection Kit	Serum	Collection Kit
aliquot	ardac-p-alchepnet	aliquot_68	follow_up_68	574	ml	Anakinra	2 ml microtubes
aliquot	ardac-p-alchepnet	aliquot_69	follow_up_69	108	gram	Stool	Collection Cups
aliquot	ardac-p-alchepnet	aliquot_70	follow_up_70	173	ml	Serum	2 ml microtubes
aliquot	ardac-p-alchepnet	aliquot_71	follow_up_71	511	ml	Platelet Rich Plasma	2 ml microtubes
aliquot	ardac-p-alchepnet	aliquot_72	follow_up_72	628	ml	HCl Acidified Plasma	1.5 ml Fisherbrand Sterile Microcentrifuge Tubes with Screw Caps
aliquot	ardac-p-alchepnet	aliquot_73	follow_up_73	99	ml	Platelet Poor Plasma	2 ml microtubes
aliquot	ardac-p-alchepnet	aliquot_74	follow_up_74	605	ml	Serum	2 ml microtubes
aliquot	ardac-p-alchepnet	aliquot_75	follow_up_75	385	ml	Platelet Poor Plasma	2 ml microtubes
aliquot	ardac-p-alchepnet	aliquot_76	follow_up_76	373	ml	Serum	2 ml microtubes
aliquot	ardac-p-alchepnet	aliquot_77	follow_up_77	803	ml	RBC Lysis	1.8 ml cryovials
aliquot	ardac-p-alchepnet	aliquot_78	follow_up_78	58	gram	Stool	Collection Cups
aliquot	ardac-p-alchepnet	aliquot_79	follow_up_79	429	ml	Anakinra	2 ml microtubes
aliquot	ardac-p-alchepnet	aliquot_80	follow_up_80	89	ml	HCl Acidified Plasma	1.5 ml Fisherbrand Sterile Microcentrifuge Tubes with Screw Caps
aliquot	ardac-p-alchepnet	aliquot_81	follow_up_81	563	gram	Stool	Collection Cups
aliquot	ardac-p-alchepnet	aliquot_82	follow_up_82	484	ml	DNA	2 ml microtubes
aliquot	ardac-p-alchepnet	aliquot_83	follow_up_83	705	ml	CPT Plasma	2 ml microtubes
aliquot	ardac-p-alchepnet	aliquot_84	follow_up_84	179	ml	Platelet Poor Plasma	2 ml microtubes
aliquot	ardac-p-alchepnet	aliquot_85	follow_up_85	532	ml	PBMC	1.8 ml cryovials
aliquot	ardac-p-alchepnet	aliquot_86	follow_up_86	254	ml	HCl Acidified Plasma	1.5 ml Fisherbrand Sterile Microcentrifuge Tubes with Screw Caps
aliquot	ardac-p-alchepnet	aliquot_87	follow_up_87	187	ml	DNA	2 ml microtubes
aliquot	ardac-p-alchepnet	aliquot_88	follow_up_88	852	ml	Platelet Poor Plasma	2 ml microtubes
aliquot	ardac-p-alchepnet	aliquot_89	follow_up_89	153	ml	Platelet Poor Plasma	2 ml microtubes
aliquot	ardac-p-alchepnet	aliquot_90	follow_up_90	678	Collection Kit	Serum	Collection Kit
aliquot	ardac-p-alchepnet	aliquot_91	follow_up_91	917	ml	PBMC	1.8 ml cryovials
aliquot	ardac-p-alchepnet	aliquot_92	follow_up_92	786	ml	Platelet Rich Plasma	2 ml microtubes
aliquot	ardac-p-alchepnet	aliquot_93	follow_up_93	38	ml	HCl Acidified Plasma	1.5 ml Fisherbrand Sterile Microcentrifuge Tubes with Screw Caps
aliquot	ardac-p-alchepnet	aliquot_94	follow_up_94	216	ml	Platelet Rich Plasma	2 ml microtubes
aliquot	ardac-p-alchepnet	aliquot_95	follow_up_95	978	ml	Serum	2 ml microtubes
aliquot	ardac-p-alchepnet	aliquot_96	follow_up_96	525	ml	Urine	15 ml cryovials
aliquot	ardac-p-alchepnet	aliquot_97	follow_up_97	871	ml	Platelet Poor Plasma	2 ml microtubes
aliquot	ardac-p-alchepnet	aliquot_98	follow_up_98	172	ml	Urine	15 ml cryovials
aliquot	ardac-p-alchepnet	aliquot_99	follow_up_99	635	gram	Stool	Collection Cups
aliquot	ardac-p-alchepnet	aliquot_100	follow_up_100	572	ml	Serum	2 ml microtubes
aliquot	ardac-p-alchepnet	aliquot_101	follow_up_101	167	ml	Anakinra	2 ml microtubes
aliquot	ardac-p-alchepnet	aliquot_102	follow_up_102	412	ml	Serum	2 ml microtubes
aliquot	ardac-p-alchepnet	aliquot_103	follow_up_103	771	ml	Anakinra	2 ml microtubes
aliquot	ardac-p-alchepnet	aliquot_104	follow_up_104	577	ml	HCl Acidified Plasma	1.5 ml Fisherbrand Sterile Microcentrifuge Tubes with Screw Caps
aliquot	ardac-p-alchepnet	aliquot_105	follow_up_105	709	ml	Platelet Rich Plasma	2 ml microtubes
aliquot	ardac-p-alchepnet	aliquot_106	follow_up_106	819	ml	DNA	2 ml microtubes
aliquot	ardac-p-alchepnet	aliquot_107	follow_up_107	739	ml	Urine	5 ml cryovials
aliquot	ardac-p-alchepnet	aliquot_108	follow_up_108	698	ml	Platelet Poor Plasma	2 ml microtubes
aliquot	ardac-p-alchepnet	aliquot_109	follow_up_109	78	ml	Platelet Poor Plasma	2 ml microtubes
aliquot	ardac-p-alchepnet	aliquot_110	follow_up_110	709	gram	Stool	Collection Cups
aliquot	ardac-p-alchepnet	aliquot_111	follow_up_111	935	ml	Anakinra	2 ml microtubes
aliquot	ardac-p-alchepnet	aliquot_112	follow_up_112	989	ml	Anakinra	2 ml microtubes
aliquot	ardac-p-alchepnet	aliquot_113	follow_up_113	846	ml	Serum	2 ml microtubes
aliquot	ardac-p-alchepnet	aliquot_114	follow_up_114	647	ml	CPT Plasma	2 ml microtubes
aliquot	ardac-p-alchepnet	aliquot_115	follow_up_115	136	ml	DNA	2 ml microtubes
aliquot	ardac-p-alchepnet	aliquot_116	follow_up_116	145	ml	RBC Lysis	1.8 ml cryovials
aliquot	ardac-p-alchepnet	aliquot_117	follow_up_117	878	ml	CPT Plasma	2 ml microtubes
aliquot	ardac-p-alchepnet	aliquot_118	follow_up_118	700	ml	Platelet Rich Plasma	2 ml microtubes
aliquot	ardac-p-alchepnet	aliquot_119	follow_up_119	704	gram	Stool	Collection Cups
aliquot	ardac-p-alchepnet	aliquot_120	follow_up_120	775	ml	PBMC	1.8 ml cryovials
aliquot	ardac-p-alchepnet	aliquot_121	follow_up_121	625	ml	RBC Lysis	1.8 ml cryovials
aliquot	ardac-p-alchepnet	aliquot_122	follow_up_122	417	ml	Urine	15 ml cryovials
aliquot	ardac-p-alchepnet	aliquot_123	follow_up_123	75	Collection Kit	Serum	Collection Kit
aliquot	ardac-p-alchepnet	aliquot_124	follow_up_124	370	ml	Platelet Poor Plasma	2 ml microtubes
aliquot	ardac-p-alchepnet	aliquot_125	follow_up_125	727	ml	CPT Plasma	2 ml microtubes
aliquot	ardac-p-alchepnet	aliquot_126	follow_up_126	152	ml	Platelet Poor Plasma	2 ml microtubes
aliquot	ardac-p-alchepnet	aliquot_127	follow_up_127	157	ml	Serum	2 ml microtubes
aliquot	ardac-p-alchepnet	aliquot_128	follow_up_128	613	ml	Platelet Poor Plasma	2 ml microtubes
aliquot	ardac-p-alchepnet	aliquot_129	follow_up_129	629	ml	PBMC	1.8 ml cryovials
aliquot	ardac-p-alchepnet	aliquot_130	follow_up_130	28	ml	Urine	5 ml cryovials
aliquot	ardac-p-alchepnet	aliquot_131	follow_up_131	626	gram	Stool	Collection Cups
aliquot	ardac-p-alchepnet	aliquot_132	follow_up_132	493	ml	DNA	2 ml microtubes
aliquot	ardac-p-alchepnet	aliquot_133	follow_up_133	587	ml	RBC Lysis	1.8 ml cryovials
aliquot	ardac-p-alchepnet	aliquot_134	follow_up_134	253	ml	HCl Acidified Plasma	1.5 ml Fisherbrand Sterile Microcentrifuge Tubes with Screw Caps
aliquot	ardac-p-alchepnet	aliquot_135	follow_up_135	625	ml	Urine	15 ml cryovials
aliquot	ardac-p-alchepnet	aliquot_136	follow_up_136	609	gram	Stool	Collection Cups
aliquot	ardac-p-alchepnet	aliquot_137	follow_up_137	750	ml	DNA	2 ml microtubes
aliquot	ardac-p-alchepnet	aliquot_138	follow_up_138	58	ml	HCl Acidified Plasma	1.5 ml Fisherbrand Sterile Microcentrifuge Tubes with Screw Caps
aliquot	ardac-p-alchepnet	aliquot_139	follow_up_139	64	ml	RBC Lysis	1.8 ml cryovials
aliquot	ardac-p-alchepnet	aliquot_140	follow_up_140	906	ml	CPT Plasma	2 ml microtubes
aliquot	ardac-p-alchepnet	aliquot_141	follow_up_141	202	ml	Platelet Poor Plasma	2 ml microtubes
aliquot	ardac-p-alchepnet	aliquot_142	follow_up_142	328	ml	DNA	2 ml microtubes
aliquot	ardac-p-alchepnet	aliquot_143	follow_up_143	392	ml	CPT Plasma	2 ml microtubes
aliquot	ardac-p-alchepnet	aliquot_144	follow_up_144	467	ml	Serum	2 ml microtubes
aliquot	ardac-p-alchepnet	aliquot_145	follow_up_145	401	ml	Urine	15 ml cryovials
aliquot	ardac-p-alchepnet	aliquot_146	follow_up_146	168	ml	Platelet Rich Plasma	2 ml microtubes
aliquot	ardac-p-alchepnet	aliquot_147	follow_up_147	22	ml	DNA	2 ml microtubes
aliquot	ardac-p-alchepnet	aliquot_148	follow_up_148	715	Collection Kit	Serum	Collection Kit
aliquot	ardac-p-alchepnet	aliquot_149	follow_up_149	649	ml	Anakinra	2 ml microtubes
aliquot	ardac-p-alchepnet	aliquot_150	follow_up_150	873	gram	Stool	Collection Cups
aliquot	ardac-p-alchepnet	aliquot_151	follow_up_151	877	gram	Stool	Collection Cups
aliquot	ardac-p-alchepnet	aliquot_152	follow_up_152	339	Collection Kit	Serum	Collection Kit
aliquot	ardac-p-alchepnet	aliquot_153	follow_up_153	932	ml	Urine	5 ml cryovials
aliquot	ardac-p-alchepnet	aliquot_154	follow_up_154	821	ml	Platelet Rich Plasma	2 ml microtubes
aliquot	ardac-p-alchepnet	aliquot_155	follow_up_155	19	ml	HCl Acidified Plasma	1.5 ml Fisherbrand Sterile Microcentrifuge Tubes with Screw Caps
aliquot	ardac-p-alchepnet	aliquot_156	follow_up_156	662	ml	Urine	15 ml cryovials
aliquot	ardac-p-alchepnet	aliquot_157	follow_up_157	433	ml	Anakinra	2 ml microtubes
aliquot	ardac-p-alchepnet	aliquot_158	follow_up_158	172	Collection Kit	Serum	Collection Kit
aliquot	ardac-p-alchepnet	aliquot_159	follow_up_159	233	ml	HCl Acidified Plasma	1.5 ml Fisherbrand Sterile Microcentrifuge Tubes with Screw Caps
aliquot	ardac-p-alchepnet	aliquot_160	follow_up_160	209	ml	CPT Plasma	2 ml microtubes
aliquot	ardac-p-alchepnet	aliquot_161	follow_up_161	820	ml	PBMC	1.8 ml cryovials
aliquot	ardac-p-alchepnet	aliquot_162	follow_up_162	725	Collection Kit	Serum	Collection Kit
aliquot	ardac-p-alchepnet	aliquot_163	follow_up_163	340	ml	PBMC	1.8 ml cryovials
aliquot	ardac-p-alchepnet	aliquot_164	follow_up_164	622	ml	CPT Plasma	2 ml microtubes
aliquot	ardac-p-alchepnet	aliquot_165	follow_up_165	955	ml	HCl Acidified Plasma	1.5 ml Fisherbrand Sterile Microcentrifuge Tubes with Screw Caps
aliquot	ardac-p-alchepnet	aliquot_166	follow_up_166	961	ml	HCl Acidified Plasma	1.5 ml Fisherbrand Sterile Microcentrifuge Tubes with Screw Caps
aliquot	ardac-p-alchepnet	aliquot_167	follow_up_167	661	ml	PBMC	1.8 ml cryovials
aliquot	ardac-p-alchepnet	aliquot_168	follow_up_168	850	ml	Platelet Poor Plasma	2 ml microtubes
aliquot	ardac-p-alchepnet	aliquot_169	follow_up_169	637	ml	Serum	2 ml microtubes
aliquot	ardac-p-alchepnet	aliquot_170	follow_up_170	491	ml	Urine	15 ml cryovials
aliquot	ardac-p-alchepnet	aliquot_171	follow_up_171	508	ml	CPT Plasma	2 ml microtubes
aliquot	ardac-p-alchepnet	aliquot_172	follow_up_172	551	ml	Platelet Rich Plasma	2 ml microtubes
aliquot	ardac-p-alchepnet	aliquot_173	follow_up_173	273	ml	PBMC	1.8 ml cryovials
aliquot	ardac-p-alchepnet	aliquot_174	follow_up_174	955	ml	DNA	2 ml microtubes
aliquot	ardac-p-alchepnet	aliquot_175	follow_up_175	419	gram	Stool	Collection Cups
aliquot	ardac-p-alchepnet	aliquot_176	follow_up_176	676	ml	Platelet Poor Plasma	2 ml microtubes
aliquot	ardac-p-alchepnet	aliquot_177	follow_up_177	468	ml	Anakinra	2 ml microtubes
aliquot	ardac-p-alchepnet	aliquot_178	follow_up_178	185	gram	Stool	Collection Cups
aliquot	ardac-p-alchepnet	aliquot_179	follow_up_179	378	ml	HCl Acidified Plasma	1.5 ml Fisherbrand Sterile Microcentrifuge Tubes with Screw Caps
aliquot	ardac-p-alchepnet	aliquot_180	follow_up_180	751	ml	Serum	2 ml microtubes
aliquot	ardac-p-alchepnet	aliquot_181	follow_up_181	898	ml	Urine	5 ml cryovials
aliquot	ardac-p-alchepnet	aliquot_182	follow_up_182	77	Collection Kit	Serum	Collection Kit
aliquot	ardac-p-alchepnet	aliquot_183	follow_up_183	747	ml	PBMC	1.8 ml cryovials
aliquot	ardac-p-alchepnet	aliquot_184	follow_up_184	855	ml	DNA	2 ml microtubes
aliquot	ardac-p-alchepnet	aliquot_185	follow_up_185	514	ml	Serum	2 ml microtubes
aliquot	ardac-p-alchepnet	aliquot_186	follow_up_186	862	ml	Anakinra	2 ml microtubes
aliquot	ardac-p-alchepnet	aliquot_187	follow_up_187	113	ml	RBC Lysis	1.8 ml cryovials
aliquot	ardac-p-alchepnet	aliquot_188	follow_up_188	169	ml	Platelet Poor Plasma	2 ml microtubes
aliquot	ardac-p-alchepnet	aliquot_189	follow_up_189	19	ml	CPT Plasma	2 ml microtubes
aliquot	ardac-p-alchepnet	aliquot_190	follow_up_190	714	gram	Stool	Collection Cups
aliquot	ardac-p-alchepnet	aliquot_191	follow_up_191	530	Collection Kit	Serum	Collection Kit
aliquot	ardac-p-alchepnet	aliquot_192	follow_up_192	426	gram	Stool	Collection Cups
aliquot	ardac-p-alchepnet	aliquot_193	follow_up_193	566	gram	Stool	Collection Cups
aliquot	ardac-p-alchepnet	aliquot_194	follow_up_194	581	ml	Anakinra	2 ml microtubes
aliquot	ardac-p-alchepnet	aliquot_195	follow_up_195	923	ml	PBMC	1.8 ml cryovials
aliquot	ardac-p-alchepnet	aliquot_196	follow_up_196	511	Collection Kit	Serum	Collection Kit
aliquot	ardac-p-alchepnet	aliquot_197	follow_up_197	262	ml	PBMC	1.8 ml cryovials
aliquot	ardac-p-alchepnet	aliquot_198	follow_up_198	458	ml	CPT Plasma	2 ml microtubes
aliquot	ardac-p-alchepnet	aliquot_199	follow_up_199	444	ml	PBMC	1.8 ml cryovials
aliquot	ardac-p-alchepnet	aliquot_200	follow_up_200	561	ml	Platelet Rich Plasma	2 ml microtubes
aliquot	ardac-p-alchepnet	aliquot_201	follow_up_201	503	ml	HCl Acidified Plasma	1.5 ml Fisherbrand Sterile Microcentrifuge Tubes with Screw Caps
aliquot	ardac-p-alchepnet	aliquot_202	follow_up_202	928	ml	Anakinra	2 ml microtubes
aliquot	ardac-p-alchepnet	aliquot_203	follow_up_203	375	ml	DNA	2 ml microtubes
aliquot	ardac-p-alchepnet	aliquot_204	follow_up_204	521	gram	Stool	Collection Cups
aliquot	ardac-p-alchepnet	aliquot_205	follow_up_205	466	Collection Kit	Serum	Collection Kit
aliquot	ardac-p-alchepnet	aliquot_206	follow_up_206	63	ml	DNA	2 ml microtubes
aliquot	ardac-p-alchepnet	aliquot_207	follow_up_207	650	ml	DNA	2 ml microtubes
aliquot	ardac-p-alchepnet	aliquot_208	follow_up_208	969	ml	Platelet Rich Plasma	2 ml microtubes
aliquot	ardac-p-alchepnet	aliquot_209	follow_up_209	505	ml	Platelet Poor Plasma	2 ml microtubes
aliquot	ardac-p-alchepnet	aliquot_210	follow_up_210	892	ml	Urine	5 ml cryovials
aliquot	ardac-p-alchepnet	aliquot_211	follow_up_211	423	ml	Platelet Poor Plasma	2 ml microtubes
aliquot	ardac-p-alchepnet	aliquot_212	follow_up_212	534	ml	Platelet Rich Plasma	2 ml microtubes
aliquot	ardac-p-alchepnet	aliquot_213	follow_up_213	466	ml	Anakinra	2 ml microtubes
aliquot	ardac-p-alchepnet	aliquot_214	follow_up_214	402	ml	PBMC	1.8 ml cryovials
aliquot	ardac-p-alchepnet	aliquot_215	follow_up_215	917	ml	Anakinra	2 ml microtubes
aliquot	ardac-p-alchepnet	aliquot_216	follow_up_216	582	ml	Platelet Rich Plasma	2 ml microtubes
aliquot	ardac-p-alchepnet	aliquot_217	follow_up_217	143	ml	Anakinra	2 ml microtubes
aliquot	ardac-p-alchepnet	aliquot_218	follow_up_218	266	ml	Urine	5 ml cryovials
aliquot	ardac-p-alchepnet	aliquot_219	follow_up_219	959	ml	DNA	2 ml microtubes
aliquot	ardac-p-alchepnet	aliquot_220	follow_up_220	148	ml	Urine	15 ml cryovials
aliquot	ardac-p-alchepnet	aliquot_221	follow_up_221	672	ml	DNA	2 ml microtubes
aliquot	ardac-p-alchepnet	aliquot_222	follow_up_222	895	ml	Serum	2 ml microtubes
aliquot	ardac-p-alchepnet	aliquot_223	follow_up_223	394	ml	RBC Lysis	1.8 ml cryovials
aliquot	ardac-p-alchepnet	aliquot_224	follow_up_224	967	ml	CPT Plasma	2 ml microtubes
aliquot	ardac-p-alchepnet	aliquot_225	follow_up_225	8	ml	Serum	2 ml microtubes
aliquot	ardac-p-alchepnet	aliquot_226	follow_up_226	225	ml	Serum	2 ml microtubes
aliquot	ardac-p-alchepnet	aliquot_227	follow_up_227	807	gram	Stool	Collection Cups
aliquot	ardac-p-alchepnet	aliquot_228	follow_up_228	271	ml	DNA	2 ml microtubes
aliquot	ardac-p-alchepnet	aliquot_229	follow_up_229	312	ml	Urine	15 ml cryovials
aliquot	ardac-p-alchepnet	aliquot_230	follow_up_230	417	ml	Urine	5 ml cryovials
aliquot	ardac-p-alchepnet	aliquot_231	follow_up_231	72	ml	CPT Plasma	2 ml microtubes
aliquot	ardac-p-alchepnet	aliquot_232	follow_up_232	898	ml	DNA	2 ml microtubes
aliquot	ardac-p-alchepnet	aliquot_233	follow_up_233	257	ml	RBC Lysis	1.8 ml cryovials
aliquot	ardac-p-alchepnet	aliquot_234	follow_up_234	376	ml	DNA	2 ml microtubes
aliquot	ardac-p-alchepnet	aliquot_235	follow_up_235	999	ml	Serum	2 ml microtubes
aliquot	ardac-p-alchepnet	aliquot_236	follow_up_236	725	ml	RBC Lysis	1.8 ml cryovials
aliquot	ardac-p-alchepnet	aliquot_237	follow_up_237	908	gram	Stool	Collection Cups
aliquot	ardac-p-alchepnet	aliquot_238	follow_up_238	838	ml	Anakinra	2 ml microtubes
aliquot	ardac-p-alchepnet	aliquot_239	follow_up_239	678	ml	HCl Acidified Plasma	1.5 ml Fisherbrand Sterile Microcentrifuge Tubes with Screw Caps
aliquot	ardac-p-alchepnet	aliquot_240	follow_up_240	207	ml	CPT Plasma	2 ml microtubes
aliquot	ardac-p-alchepnet	aliquot_241	follow_up_241	624	ml	CPT Plasma	2 ml microtubes
aliquot	ardac-p-alchepnet	aliquot_242	follow_up_242	804	Collection Kit	Serum	Collection Kit
aliquot	ardac-p-alchepnet	aliquot_243	follow_up_243	87	ml	CPT Plasma	2 ml microtubes
aliquot	ardac-p-alchepnet	aliquot_244	follow_up_244	251	ml	HCl Acidified Plasma	1.5 ml Fisherbrand Sterile Microcentrifuge Tubes with Screw Caps
aliquot	ardac-p-alchepnet	aliquot_245	follow_up_245	774	ml	RBC Lysis	1.8 ml cryovials
aliquot	ardac-p-alchepnet	aliquot_246	follow_up_246	43	ml	Serum	2 ml microtubes
aliquot	ardac-p-alchepnet	aliquot_247	follow_up_247	277	Collection Kit	Serum	Collection Kit
aliquot	ardac-p-alchepnet	aliquot_248	follow_up_248	156	ml	Platelet Poor Plasma	2 ml microtubes
aliquot	ardac-p-alchepnet	aliquot_249	follow_up_249	822	ml	Platelet Poor Plasma	2 ml microtubes
aliquot	ardac-p-alchepnet	aliquot_250	follow_up_250	855	ml	Serum	2 ml microtubes
aliquot	ardac-p-alchepnet	aliquot_251	follow_up_251	340	ml	Platelet Poor Plasma	2 ml microtubes
aliquot	ardac-p-alchepnet	aliquot_252	follow_up_252	158	ml	RBC Lysis	1.8 ml cryovials
aliquot	ardac-p-alchepnet	aliquot_253	follow_up_253	371	ml	PBMC	1.8 ml cryovials
aliquot	ardac-p-alchepnet	aliquot_254	follow_up_254	556	ml	Urine	15 ml cryovials
aliquot	ardac-p-alchepnet	aliquot_255	follow_up_255	666	ml	Serum	2 ml microtubes
aliquot	ardac-p-alchepnet	aliquot_256	follow_up_256	402	ml	CPT Plasma	2 ml microtubes
aliquot	ardac-p-alchepnet	aliquot_257	follow_up_257	213	ml	CPT Plasma	2 ml microtubes
aliquot	ardac-p-alchepnet	aliquot_258	follow_up_258	614	ml	Platelet Poor Plasma	2 ml microtubes
aliquot	ardac-p-alchepnet	aliquot_259	follow_up_259	764	ml	PBMC	1.8 ml cryovials
aliquot	ardac-p-alchepnet	aliquot_260	follow_up_260	9	ml	Platelet Rich Plasma	2 ml microtubes
aliquot	ardac-p-alchepnet	aliquot_261	follow_up_261	460	ml	Platelet Poor Plasma	2 ml microtubes
aliquot	ardac-p-alchepnet	aliquot_262	follow_up_262	289	Collection Kit	Serum	Collection Kit
aliquot	ardac-p-alchepnet	aliquot_263	follow_up_263	959	ml	CPT Plasma	2 ml microtubes
aliquot	ardac-p-alchepnet	aliquot_264	follow_up_264	567	ml	CPT Plasma	2 ml microtubes
aliquot	ardac-p-alchepnet	aliquot_265	follow_up_265	585	ml	PBMC	1.8 ml cryovials
aliquot	ardac-p-alchepnet	aliquot_266	follow_up_266	284	ml	PBMC	1.8 ml cryovials
aliquot	ardac-p-alchepnet	aliquot_267	follow_up_267	920	ml	PBMC	1.8 ml cryovials
aliquot	ardac-p-alchepnet	aliquot_268	follow_up_268	364	ml	HCl Acidified Plasma	1.5 ml Fisherbrand Sterile Microcentrifuge Tubes with Screw Caps
aliquot	ardac-p-alchepnet	aliquot_269	follow_up_269	611	ml	Platelet Poor Plasma	2 ml microtubes
aliquot	ardac-p-alchepnet	aliquot_270	follow_up_270	453	gram	Stool	Collection Cups
aliquot	ardac-p-alchepnet	aliquot_271	follow_up_271	479	ml	DNA	2 ml microtubes
aliquot	ardac-p-alchepnet	aliquot_272	follow_up_272	933	ml	Urine	15 ml cryovials
aliquot	ardac-p-alchepnet	aliquot_273	follow_up_273	207	ml	DNA	2 ml microtubes
aliquot	ardac-p-alchepnet	aliquot_274	follow_up_274	375	ml	Platelet Rich Plasma	2 ml microtubes
aliquot	ardac-p-alchepnet	aliquot_275	follow_up_275	348	ml	Anakinra	2 ml microtubes
aliquot	ardac-p-alchepnet	aliquot_276	follow_up_276	877	ml	RBC Lysis	1.8 ml cryovials
aliquot	ardac-p-alchepnet	aliquot_277	follow_up_277	372	ml	CPT Plasma	2 ml microtubes
aliquot	ardac-p-alchepnet	aliquot_278	follow_up_278	232	gram	Stool	Collection Cups
aliquot	ardac-p-alchepnet	aliquot_279	follow_up_279	841	ml	PBMC	1.8 ml cryovials
aliquot	ardac-p-alchepnet	aliquot_280	follow_up_280	835	ml	Anakinra	2 ml microtubes
aliquot	ardac-p-alchepnet	aliquot_281	follow_up_281	69	ml	Serum	2 ml microtubes
aliquot	ardac-p-alchepnet	aliquot_282	follow_up_282	724	ml	Platelet Rich Plasma	2 ml microtubes
aliquot	ardac-p-alchepnet	aliquot_283	follow_up_283	798	Collection Kit	Serum	Collection Kit
aliquot	ardac-p-alchepnet	aliquot_284	follow_up_284	778	ml	Urine	5 ml cryovials
aliquot	ardac-p-alchepnet	aliquot_285	follow_up_285	694	ml	PBMC	1.8 ml cryovials
aliquot	ardac-p-alchepnet	aliquot_286	follow_up_286	92	ml	Anakinra	2 ml microtubes
aliquot	ardac-p-alchepnet	aliquot_287	follow_up_287	27	ml	Platelet Poor Plasma	2 ml microtubes
aliquot	ardac-p-alchepnet	aliquot_288	follow_up_288	476	ml	PBMC	1.8 ml cryovials
aliquot	ardac-p-alchepnet	aliquot_289	follow_up_289	909	ml	Platelet Poor Plasma	2 ml microtubes
aliquot	ardac-p-alchepnet	aliquot_290	follow_up_290	845	gram	Stool	Collection Cups
aliquot	ardac-p-alchepnet	aliquot_291	follow_up_291	11	Collection Kit	Serum	Collection Kit
aliquot	ardac-p-alchepnet	aliquot_292	follow_up_292	372	ml	Serum	2 ml microtubes
aliquot	ardac-p-alchepnet	aliquot_293	follow_up_293	690	ml	RBC Lysis	1.8 ml cryovials
aliquot	ardac-p-alchepnet	aliquot_294	follow_up_294	263	ml	Urine	15 ml cryovials
aliquot	ardac-p-alchepnet	aliquot_295	follow_up_295	758	ml	PBMC	1.8 ml cryovials
aliquot	ardac-p-alchepnet	aliquot_296	follow_up_296	47	ml	Urine	5 ml cryovials
aliquot	ardac-p-alchepnet	aliquot_297	follow_up_297	760	ml	PBMC	1.8 ml cryovials
aliquot	ardac-p-alchepnet	aliquot_298	follow_up_298	389	ml	CPT Plasma	2 ml microtubes
aliquot	ardac-p-alchepnet	aliquot_299	follow_up_299	961	ml	Urine	15 ml cryovials
aliquot	ardac-p-alchepnet	aliquot_300	follow_up_300	784	Collection Kit	Serum	Collection Kit
aliquot	ardac-p-alchepnet	aliquot_301	follow_up_301	191	Collection Kit	Serum	Collection Kit
aliquot	ardac-p-alchepnet	aliquot_302	follow_up_302	436	gram	Stool	Collection Cups
aliquot	ardac-p-alchepnet	aliquot_303	follow_up_303	445	ml	Urine	15 ml cryovials
aliquot	ardac-p-alchepnet	aliquot_304	follow_up_304	576	ml	DNA	2 ml microtubes
aliquot	ardac-p-alchepnet	aliquot_305	follow_up_305	704	ml	Urine	5 ml cryovials
aliquot	ardac-p-alchepnet	aliquot_306	follow_up_306	1	ml	DNA	2 ml microtubes
aliquot	ardac-p-alchepnet	aliquot_307	follow_up_307	108	ml	Serum	2 ml microtubes
aliquot	ardac-p-alchepnet	aliquot_308	follow_up_308	619	ml	Platelet Rich Plasma	2 ml microtubes
aliquot	ardac-p-alchepnet	aliquot_309	follow_up_309	965	ml	CPT Plasma	2 ml microtubes
aliquot	ardac-p-alchepnet	aliquot_310	follow_up_310	726	ml	Platelet Rich Plasma	2 ml microtubes
aliquot	ardac-p-alchepnet	aliquot_311	follow_up_311	749	Collection Kit	Serum	Collection Kit
aliquot	ardac-p-alchepnet	aliquot_312	follow_up_312	757	ml	Serum	2 ml microtubes
aliquot	ardac-p-alchepnet	aliquot_313	follow_up_313	805	ml	CPT Plasma	2 ml microtubes
aliquot	ardac-p-alchepnet	aliquot_314	follow_up_314	910	ml	HCl Acidified Plasma	1.5 ml Fisherbrand Sterile Microcentrifuge Tubes with Screw Caps
aliquot	ardac-p-alchepnet	aliquot_315	follow_up_315	530	ml	Urine	15 ml cryovials
aliquot	ardac-p-alchepnet	aliquot_316	follow_up_316	889	ml	Platelet Poor Plasma	2 ml microtubes
aliquot	ardac-p-alchepnet	aliquot_317	follow_up_317	810	ml	DNA	2 ml microtubes
aliquot	ardac-p-alchepnet	aliquot_318	follow_up_318	98	ml	Anakinra	2 ml microtubes
aliquot	ardac-p-alchepnet	aliquot_319	follow_up_319	510	gram	Stool	Collection Cups
aliquot	ardac-p-alchepnet	aliquot_320	follow_up_320	296	Collection Kit	Serum	Collection Kit
aliquot	ardac-p-alchepnet	aliquot_321	follow_up_321	962	ml	RBC Lysis	1.8 ml cryovials
aliquot	ardac-p-alchepnet	aliquot_322	follow_up_322	401	ml	DNA	2 ml microtubes
aliquot	ardac-p-alchepnet	aliquot_323	follow_up_323	343	gram	Stool	Collection Cups
aliquot	ardac-p-alchepnet	aliquot_324	follow_up_324	449	gram	Stool	Collection Cups
aliquot	ardac-p-alchepnet	aliquot_325	follow_up_325	536	Collection Kit	Serum	Collection Kit
aliquot	ardac-p-alchepnet	aliquot_326	follow_up_326	829	ml	CPT Plasma	2 ml microtubes
aliquot	ardac-p-alchepnet	aliquot_327	follow_up_327	231	ml	RBC Lysis	1.8 ml cryovials
aliquot	ardac-p-alchepnet	aliquot_328	follow_up_328	217	ml	Serum	2 ml microtubes
aliquot	ardac-p-alchepnet	aliquot_329	follow_up_329	455	ml	PBMC	1.8 ml cryovials
aliquot	ardac-p-alchepnet	aliquot_330	follow_up_330	939	ml	Anakinra	2 ml microtubes
aliquot	ardac-p-alchepnet	aliquot_331	follow_up_331	996	ml	Anakinra	2 ml microtubes
aliquot	ardac-p-alchepnet	aliquot_332	follow_up_332	678	ml	Serum	2 ml microtubes
aliquot	ardac-p-alchepnet	aliquot_333	follow_up_333	538	ml	PBMC	1.8 ml cryovials
aliquot	ardac-p-alchepnet	aliquot_334	follow_up_334	797	ml	PBMC	1.8 ml cryovials
aliquot	ardac-p-alchepnet	aliquot_335	follow_up_335	351	gram	Stool	Collection Cups
aliquot	ardac-p-alchepnet	aliquot_336	follow_up_336	611	ml	DNA	2 ml microtubes
aliquot	ardac-p-alchepnet	aliquot_337	follow_up_337	111	ml	Platelet Poor Plasma	2 ml microtubes
aliquot	ardac-p-alchepnet	aliquot_338	follow_up_338	721	ml	PBMC	1.8 ml cryovials
aliquot	ardac-p-alchepnet	aliquot_339	follow_up_339	433	ml	RBC Lysis	1.8 ml cryovials
aliquot	ardac-p-alchepnet	aliquot_340	follow_up_340	663	Collection Kit	Serum	Collection Kit
aliquot	ardac-p-alchepnet	aliquot_341	follow_up_341	949	ml	DNA	2 ml microtubes
aliquot	ardac-p-alchepnet	aliquot_342	follow_up_342	393	Collection Kit	Serum	Collection Kit
aliquot	ardac-p-alchepnet	aliquot_343	follow_up_343	59	ml	PBMC	1.8 ml cryovials
aliquot	ardac-p-alchepnet	aliquot_344	follow_up_344	165	ml	RBC Lysis	1.8 ml cryovials
aliquot	ardac-p-alchepnet	aliquot_345	follow_up_345	441	ml	Platelet Poor Plasma	2 ml microtubes
aliquot	ardac-p-alchepnet	aliquot_346	follow_up_346	917	ml	PBMC	1.8 ml cryovials
aliquot	ardac-p-alchepnet	aliquot_347	follow_up_347	753	ml	Serum	2 ml microtubes
aliquot	ardac-p-alchepnet	aliquot_348	follow_up_348	524	ml	Serum	2 ml microtubes
aliquot	ardac-p-alchepnet	aliquot_349	follow_up_349	190	ml	Serum	2 ml microtubes
aliquot	ardac-p-alchepnet	aliquot_350	follow_up_350	773	Collection Kit	Serum	Collection Kit
aliquot	ardac-p-alchepnet	aliquot_351	follow_up_351	644	ml	Serum	2 ml microtubes
aliquot	ardac-p-alchepnet	aliquot_352	follow_up_352	154	gram	Stool	Collection Cups
aliquot	ardac-p-alchepnet	aliquot_353	follow_up_353	155	ml	Anakinra	2 ml microtubes
aliquot	ardac-p-alchepnet	aliquot_354	follow_up_354	557	ml	PBMC	1.8 ml cryovials
aliquot	ardac-p-alchepnet	aliquot_355	follow_up_355	885	ml	Anakinra	2 ml microtubes
aliquot	ardac-p-alchepnet	aliquot_356	follow_up_356	236	gram	Stool	Collection Cups
aliquot	ardac-p-alchepnet	aliquot_357	follow_up_357	831	ml	CPT Plasma	2 ml microtubes
aliquot	ardac-p-alchepnet	aliquot_358	follow_up_358	290	ml	Platelet Rich Plasma	2 ml microtubes
aliquot	ardac-p-alchepnet	aliquot_359	follow_up_359	760	ml	Serum	2 ml microtubes
aliquot	ardac-p-alchepnet	aliquot_360	follow_up_360	852	ml	RBC Lysis	1.8 ml cryovials
aliquot	ardac-p-alchepnet	aliquot_361	follow_up_361	888	ml	PBMC	1.8 ml cryovials
aliquot	ardac-p-alchepnet	aliquot_362	follow_up_362	248	ml	Serum	2 ml microtubes
aliquot	ardac-p-alchepnet	aliquot_363	follow_up_363	291	ml	PBMC	1.8 ml cryovials
aliquot	ardac-p-alchepnet	aliquot_364	follow_up_364	584	ml	Anakinra	2 ml microtubes
aliquot	ardac-p-alchepnet	aliquot_365	follow_up_365	738	Collection Kit	Serum	Collection Kit
aliquot	ardac-p-alchepnet	aliquot_366	follow_up_366	830	ml	DNA	2 ml microtubes
aliquot	ardac-p-alchepnet	aliquot_367	follow_up_367	618	ml	Platelet Rich Plasma	2 ml microtubes
aliquot	ardac-p-alchepnet	aliquot_368	follow_up_368	860	ml	Platelet Poor Plasma	2 ml microtubes
aliquot	ardac-p-alchepnet	aliquot_369	follow_up_369	506	ml	CPT Plasma	2 ml microtubes
aliquot	ardac-p-alchepnet	aliquot_370	follow_up_370	735	ml	Anakinra	2 ml microtubes
aliquot	ardac-p-alchepnet	aliquot_371	follow_up_371	199	ml	RBC Lysis	1.8 ml cryovials
aliquot	ardac-p-alchepnet	aliquot_372	follow_up_372	974	ml	Platelet Rich Plasma	2 ml microtubes
aliquot	ardac-p-alchepnet	aliquot_373	follow_up_373	658	ml	HCl Acidified Plasma	1.5 ml Fisherbrand Sterile Microcentrifuge Tubes with Screw Caps
aliquot	ardac-p-alchepnet	aliquot_374	follow_up_374	139	ml	CPT Plasma	2 ml microtubes
aliquot	ardac-p-alchepnet	aliquot_375	follow_up_375	654	ml	Platelet Poor Plasma	2 ml microtubes
aliquot	ardac-p-alchepnet	aliquot_376	follow_up_376	464	gram	Stool	Collection Cups
aliquot	ardac-p-alchepnet	aliquot_377	follow_up_377	921	ml	Urine	5 ml cryovials
aliquot	ardac-p-alchepnet	aliquot_378	follow_up_378	248	ml	CPT Plasma	2 ml microtubes
aliquot	ardac-p-alchepnet	aliquot_379	follow_up_379	31	Collection Kit	Serum	Collection Kit
aliquot	ardac-p-alchepnet	aliquot_380	follow_up_380	405	ml	Serum	2 ml microtubes
aliquot	ardac-p-alchepnet	aliquot_381	follow_up_381	19	Collection Kit	Serum	Collection Kit
aliquot	ardac-p-alchepnet	aliquot_382	follow_up_382	930	ml	Anakinra	2 ml microtubes
aliquot	ardac-p-alchepnet	aliquot_383	follow_up_383	953	ml	CPT Plasma	2 ml microtubes
aliquot	ardac-p-alchepnet	aliquot_384	follow_up_384	194	ml	Anakinra	2 ml microtubes
aliquot	ardac-p-alchepnet	aliquot_385	follow_up_385	277	ml	RBC Lysis	1.8 ml cryovials
aliquot	ardac-p-alchepnet	aliquot_386	follow_up_386	238	ml	Serum	2 ml microtubes
aliquot	ardac-p-alchepnet	aliquot_387	follow_up_387	719	Collection Kit	Serum	Collection Kit
aliquot	ardac-p-alchepnet	aliquot_388	follow_up_388	825	ml	Anakinra	2 ml microtubes
aliquot	ardac-p-alchepnet	aliquot_389	follow_up_389	764	ml	PBMC	1.8 ml cryovials
aliquot	ardac-p-alchepnet	aliquot_390	follow_up_390	29	ml	Anakinra	2 ml microtubes
aliquot	ardac-p-alchepnet	aliquot_391	follow_up_391	508	ml	Platelet Poor Plasma	2 ml microtubes
aliquot	ardac-p-alchepnet	aliquot_392	follow_up_392	218	ml	PBMC	1.8 ml cryovials
aliquot	ardac-p-alchepnet	aliquot_393	follow_up_393	138	ml	DNA	2 ml microtubes
aliquot	ardac-p-alchepnet	aliquot_394	follow_up_394	316	ml	Urine	5 ml cryovials
aliquot	ardac-p-alchepnet	aliquot_395	follow_up_395	407	ml	PBMC	1.8 ml cryovials
aliquot	ardac-p-alchepnet	aliquot_396	follow_up_396	421	Collection Kit	Serum	Collection Kit
aliquot	ardac-p-alchepnet	aliquot_397	follow_up_397	797	ml	Platelet Rich Plasma	2 ml microtubes
aliquot	ardac-p-alchepnet	aliquot_398	follow_up_398	822	Collection Kit	Serum	Collection Kit
aliquot	ardac-p-alchepnet	aliquot_399	follow_up_399	152	ml	Platelet Rich Plasma	2 ml microtubes
aliquot	ardac-p-alchepnet	aliquot_400	follow_up_400	86	ml	DNA	2 ml microtubes