*type	project_id	*submitter_id	cases.submitter_id	days_to_test	usaudit_collected	usaudit_completed_by	usaudit_q1	usaudit_q2	usaudit_q3	usaudit_q4	usaudit_q5	usaudit_q6	usaudit_q7	usaudit_q8	usaudit_q9	usaudit_q10
audit	ardac-p-alchepnet	audit_1	pat_1	106	No	Patient/Study Participant	Less than monthly	5 to 6 drinks	Never	Never	Less than monthly	Never	Monthly	Never	"Yes, during the past year"	No
audit	ardac-p-alchepnet	audit_2	pat_2	263	Yes	Relative of Patient/Study Participant	Weekly	7 to 9 drinks	Less than monthly	Less than monthly	Monthly	Weekly	Daily or almost daily	Less than monthly	No	"Yes, but not in the past year"
audit	ardac-p-alchepnet	audit_3	pat_3	32	No	Relative of Patient/Study Participant	Never	1 drink	2 to 3 times a week	Weekly	Less than monthly	Never	Less than monthly	Never	No	"Yes, during the past year"
audit	ardac-p-alchepnet	audit_4	pat_4	25	Yes	Patient/Study Participant	Daily	1 drink	Never	Less than monthly	Never	Less than monthly	Monthly	Weekly	No	No
audit	ardac-p-alchepnet	audit_5	pat_5	69	No	Relative of Patient/Study Participant	2 to 3 times a week	3 drinks	Daily	Daily or almost daily	Daily or almost daily	Weekly	Less than monthly	Never	No	No
audit	ardac-p-alchepnet	audit_6	pat_6	51	Yes	Patient/Study Participant	Monthly	1 drink	4 to 6 times a week	Monthly	Monthly	Never	Monthly	Never	"Yes, during the past year"	"Yes, during the past year"
audit	ardac-p-alchepnet	audit_7	pat_7	13	No	Relative of Patient/Study Participant	2 to 3 times a week	3 drinks	Weekly	Never	Monthly	Monthly	Weekly	Weekly	"Yes, during the past year"	"Yes, but not in the past year"
audit	ardac-p-alchepnet	audit_8	pat_8	153	Yes	Other	2 to 3 times a week	2 drinks	4 to 6 times a week	Monthly	Weekly	Daily or almost daily	Daily or almost daily	Daily or almost daily	No	"Yes, during the past year"
audit	ardac-p-alchepnet	audit_9	pat_9	14	No	Patient/Study Participant	Monthly	4 drinks	4 to 6 times a week	Never	Daily or almost daily	Never	Daily or almost daily	Daily or almost daily	No	"Yes, but not in the past year"
audit	ardac-p-alchepnet	audit_10	pat_10	137	Yes	Patient/Study Participant	2 to 3 times a week	1 drink	4 to 6 times a week	Never	Weekly	Never	Less than monthly	Daily or almost daily	"Yes, during the past year"	No
audit	ardac-p-alchepnet	audit_11	pat_11	302	No	Relative of Patient/Study Participant	Less than monthly	2 drinks	Less than monthly	Daily or almost daily	Monthly	Daily or almost daily	Less than monthly	Weekly	"Yes, but not in the past year"	"Yes, during the past year"
audit	ardac-p-alchepnet	audit_12	pat_12	203	Yes	Friend of Patient/Study Participant	Weekly	2 drinks	Monthly	Weekly	Weekly	Monthly	Monthly	Daily or almost daily	No	No
audit	ardac-p-alchepnet	audit_13	pat_13	323	No	Other	Weekly	1 drink	Weekly	Daily or almost daily	Monthly	Weekly	Daily or almost daily	Monthly	"Yes, during the past year"	No
audit	ardac-p-alchepnet	audit_14	pat_14	327	Yes	Relative of Patient/Study Participant	Never	1 drink	Monthly	Less than monthly	Less than monthly	Less than monthly	Never	Less than monthly	"Yes, during the past year"	"Yes, but not in the past year"
audit	ardac-p-alchepnet	audit_15	pat_15	131	No	Patient/Study Participant	2 to 3 times a week	5 to 6 drinks	Monthly	Monthly	Daily or almost daily	Weekly	Weekly	Less than monthly	No	"Yes, but not in the past year"
audit	ardac-p-alchepnet	audit_16	pat_16	283	No	Other	Less than monthly	4 drinks	Less than monthly	Daily or almost daily	Never	Monthly	Daily or almost daily	Never	"Yes, but not in the past year"	"Yes, but not in the past year"
audit	ardac-p-alchepnet	audit_17	pat_17	312	Yes	Friend of Patient/Study Participant	Daily	1 drink	Daily	Monthly	Weekly	Weekly	Never	Less than monthly	No	No
audit	ardac-p-alchepnet	audit_18	pat_18	55	No	Friend of Patient/Study Participant	Daily	4 drinks	Never	Monthly	Daily or almost daily	Monthly	Less than monthly	Weekly	No	No
audit	ardac-p-alchepnet	audit_19	pat_19	33	No	Friend of Patient/Study Participant	Monthly	5 to 6 drinks	Monthly	Monthly	Less than monthly	Never	Daily or almost daily	Daily or almost daily	"Yes, but not in the past year"	"Yes, during the past year"
audit	ardac-p-alchepnet	audit_20	pat_20	118	Yes	Relative of Patient/Study Participant	Monthly	4 drinks	2 to 3 times a week	Weekly	Weekly	Weekly	Less than monthly	Less than monthly	"Yes, but not in the past year"	"Yes, but not in the past year"
audit	ardac-p-alchepnet	audit_21	pat_21	53	Yes	Patient/Study Participant	Less than monthly	1 drink	Monthly	Monthly	Daily or almost daily	Less than monthly	Monthly	Never	"Yes, but not in the past year"	No
audit	ardac-p-alchepnet	audit_22	pat_22	269	No	Patient/Study Participant	4 to 6 times a week	2 drinks	2 to 3 times a week	Monthly	Daily or almost daily	Weekly	Monthly	Weekly	"Yes, during the past year"	"Yes, during the past year"
audit	ardac-p-alchepnet	audit_23	pat_23	362	No	Patient/Study Participant	Daily	3 drinks	4 to 6 times a week	Less than monthly	Daily or almost daily	Less than monthly	Daily or almost daily	Monthly	No	No
audit	ardac-p-alchepnet	audit_24	pat_24	49	Yes	Other	Monthly	7 to 9 drinks	Weekly	Weekly	Never	Never	Less than monthly	Daily or almost daily	"Yes, during the past year"	"Yes, but not in the past year"
audit	ardac-p-alchepnet	audit_25	pat_25	148	No	Other	Weekly	3 drinks	Weekly	Never	Daily or almost daily	Daily or almost daily	Never	Monthly	"Yes, but not in the past year"	"Yes, but not in the past year"
audit	ardac-p-alchepnet	audit_26	pat_26	351	No	Other	4 to 6 times a week	7 to 9 drinks	4 to 6 times a week	Never	Never	Daily or almost daily	Less than monthly	Less than monthly	"Yes, but not in the past year"	"Yes, but not in the past year"
audit	ardac-p-alchepnet	audit_27	pat_27	286	No	Relative of Patient/Study Participant	Daily	10 or more drinks	Less than monthly	Weekly	Less than monthly	Monthly	Weekly	Daily or almost daily	No	"Yes, during the past year"
audit	ardac-p-alchepnet	audit_28	pat_28	162	Yes	Relative of Patient/Study Participant	2 to 3 times a week	2 drinks	Never	Monthly	Less than monthly	Weekly	Never	Never	"Yes, during the past year"	"Yes, during the past year"
audit	ardac-p-alchepnet	audit_29	pat_29	157	No	Other	Daily	3 drinks	Weekly	Never	Monthly	Daily or almost daily	Weekly	Daily or almost daily	No	No
audit	ardac-p-alchepnet	audit_30	pat_30	269	No	Other	Daily	3 drinks	4 to 6 times a week	Less than monthly	Monthly	Daily or almost daily	Weekly	Weekly	No	No
audit	ardac-p-alchepnet	audit_31	pat_31	307	Yes	Relative of Patient/Study Participant	4 to 6 times a week	10 or more drinks	Never	Daily or almost daily	Monthly	Never	Weekly	Less than monthly	"Yes, during the past year"	No
audit	ardac-p-alchepnet	audit_32	pat_32	297	Yes	Relative of Patient/Study Participant	4 to 6 times a week	3 drinks	Weekly	Monthly	Monthly	Less than monthly	Weekly	Less than monthly	"Yes, during the past year"	"Yes, during the past year"
audit	ardac-p-alchepnet	audit_33	pat_33	45	Yes	Relative of Patient/Study Participant	4 to 6 times a week	7 to 9 drinks	Daily	Less than monthly	Daily or almost daily	Weekly	Weekly	Never	"Yes, but not in the past year"	"Yes, during the past year"
audit	ardac-p-alchepnet	audit_34	pat_34	264	Yes	Relative of Patient/Study Participant	Weekly	10 or more drinks	Daily	Less than monthly	Monthly	Never	Never	Monthly	"Yes, but not in the past year"	No
audit	ardac-p-alchepnet	audit_35	pat_35	277	No	Friend of Patient/Study Participant	Less than monthly	3 drinks	Daily	Never	Never	Weekly	Monthly	Weekly	"Yes, during the past year"	No
audit	ardac-p-alchepnet	audit_36	pat_36	121	No	Friend of Patient/Study Participant	Less than monthly	3 drinks	Less than monthly	Daily or almost daily	Less than monthly	Less than monthly	Weekly	Daily or almost daily	"Yes, but not in the past year"	"Yes, during the past year"
audit	ardac-p-alchepnet	audit_37	pat_37	317	Yes	Friend of Patient/Study Participant	Monthly	3 drinks	Less than monthly	Daily or almost daily	Monthly	Weekly	Daily or almost daily	Monthly	No	"Yes, during the past year"
audit	ardac-p-alchepnet	audit_38	pat_38	94	No	Patient/Study Participant	Monthly	3 drinks	2 to 3 times a week	Never	Daily or almost daily	Never	Weekly	Less than monthly	"Yes, during the past year"	"Yes, but not in the past year"
audit	ardac-p-alchepnet	audit_39	pat_39	269	No	Other	2 to 3 times a week	4 drinks	Daily	Never	Monthly	Monthly	Weekly	Daily or almost daily	No	No
audit	ardac-p-alchepnet	audit_40	pat_40	277	No	Friend of Patient/Study Participant	Weekly	1 drink	Less than monthly	Weekly	Never	Never	Monthly	Weekly	"Yes, but not in the past year"	No
audit	ardac-p-alchepnet	audit_41	pat_41	219	No	Other	Never	5 to 6 drinks	Daily	Monthly	Daily or almost daily	Daily or almost daily	Less than monthly	Never	No	"Yes, during the past year"
audit	ardac-p-alchepnet	audit_42	pat_42	147	No	Friend of Patient/Study Participant	4 to 6 times a week	4 drinks	Monthly	Daily or almost daily	Never	Monthly	Daily or almost daily	Weekly	No	"Yes, during the past year"
audit	ardac-p-alchepnet	audit_43	pat_43	159	Yes	Patient/Study Participant	Weekly	5 to 6 drinks	Daily	Daily or almost daily	Weekly	Daily or almost daily	Never	Weekly	"Yes, during the past year"	"Yes, but not in the past year"
audit	ardac-p-alchepnet	audit_44	pat_44	20	No	Patient/Study Participant	2 to 3 times a week	10 or more drinks	Weekly	Weekly	Daily or almost daily	Weekly	Daily or almost daily	Less than monthly	"Yes, but not in the past year"	"Yes, but not in the past year"
audit	ardac-p-alchepnet	audit_45	pat_45	64	No	Relative of Patient/Study Participant	Monthly	2 drinks	Never	Monthly	Less than monthly	Weekly	Weekly	Daily or almost daily	"Yes, but not in the past year"	"Yes, but not in the past year"
audit	ardac-p-alchepnet	audit_46	pat_46	54	Yes	Patient/Study Participant	4 to 6 times a week	2 drinks	Less than monthly	Weekly	Monthly	Never	Less than monthly	Daily or almost daily	No	"Yes, during the past year"
audit	ardac-p-alchepnet	audit_47	pat_47	219	No	Patient/Study Participant	Weekly	2 drinks	2 to 3 times a week	Never	Weekly	Never	Daily or almost daily	Weekly	No	No
audit	ardac-p-alchepnet	audit_48	pat_48	248	Yes	Friend of Patient/Study Participant	Monthly	5 to 6 drinks	4 to 6 times a week	Less than monthly	Daily or almost daily	Less than monthly	Never	Monthly	"Yes, but not in the past year"	No
audit	ardac-p-alchepnet	audit_49	pat_49	152	No	Relative of Patient/Study Participant	Less than monthly	3 drinks	2 to 3 times a week	Daily or almost daily	Never	Monthly	Less than monthly	Monthly	No	"Yes, but not in the past year"
audit	ardac-p-alchepnet	audit_50	pat_50	271	No	Other	Weekly	4 drinks	Less than monthly	Weekly	Daily or almost daily	Weekly	Monthly	Never	No	"Yes, during the past year"
audit	ardac-p-alchepnet	audit_51	pat_51	75	Yes	Friend of Patient/Study Participant	Never	5 to 6 drinks	4 to 6 times a week	Daily or almost daily	Monthly	Monthly	Weekly	Weekly	"Yes, but not in the past year"	"Yes, but not in the past year"
audit	ardac-p-alchepnet	audit_52	pat_52	113	No	Friend of Patient/Study Participant	2 to 3 times a week	1 drink	Weekly	Never	Never	Never	Daily or almost daily	Never	"Yes, during the past year"	No
audit	ardac-p-alchepnet	audit_53	pat_53	95	No	Other	Weekly	4 drinks	2 to 3 times a week	Never	Daily or almost daily	Daily or almost daily	Daily or almost daily	Weekly	"Yes, but not in the past year"	No
audit	ardac-p-alchepnet	audit_54	pat_54	322	Yes	Other	Daily	10 or more drinks	Weekly	Weekly	Less than monthly	Never	Less than monthly	Weekly	No	"Yes, during the past year"
audit	ardac-p-alchepnet	audit_55	pat_55	321	No	Relative of Patient/Study Participant	Daily	3 drinks	4 to 6 times a week	Daily or almost daily	Less than monthly	Daily or almost daily	Never	Monthly	No	"Yes, but not in the past year"
audit	ardac-p-alchepnet	audit_56	pat_56	45	Yes	Patient/Study Participant	2 to 3 times a week	7 to 9 drinks	Weekly	Never	Less than monthly	Weekly	Monthly	Never	"Yes, but not in the past year"	"Yes, but not in the past year"
audit	ardac-p-alchepnet	audit_57	pat_57	6	Yes	Relative of Patient/Study Participant	Less than monthly	10 or more drinks	Never	Daily or almost daily	Weekly	Weekly	Monthly	Never	"Yes, but not in the past year"	"Yes, during the past year"
audit	ardac-p-alchepnet	audit_58	pat_58	62	No	Friend of Patient/Study Participant	Monthly	10 or more drinks	4 to 6 times a week	Weekly	Monthly	Weekly	Never	Never	"Yes, during the past year"	"Yes, during the past year"
audit	ardac-p-alchepnet	audit_59	pat_59	260	No	Relative of Patient/Study Participant	Weekly	1 drink	Monthly	Never	Monthly	Weekly	Less than monthly	Less than monthly	No	"Yes, but not in the past year"
audit	ardac-p-alchepnet	audit_60	pat_60	262	Yes	Patient/Study Participant	2 to 3 times a week	1 drink	2 to 3 times a week	Monthly	Less than monthly	Never	Daily or almost daily	Monthly	No	No
audit	ardac-p-alchepnet	audit_61	pat_61	333	No	Patient/Study Participant	Monthly	4 drinks	2 to 3 times a week	Less than monthly	Never	Daily or almost daily	Weekly	Never	"Yes, but not in the past year"	"Yes, during the past year"
audit	ardac-p-alchepnet	audit_62	pat_62	89	Yes	Relative of Patient/Study Participant	Daily	2 drinks	4 to 6 times a week	Less than monthly	Weekly	Daily or almost daily	Weekly	Weekly	"Yes, during the past year"	No
audit	ardac-p-alchepnet	audit_63	pat_63	342	Yes	Relative of Patient/Study Participant	4 to 6 times a week	10 or more drinks	Daily	Monthly	Never	Monthly	Daily or almost daily	Less than monthly	"Yes, but not in the past year"	"Yes, but not in the past year"
audit	ardac-p-alchepnet	audit_64	pat_64	115	Yes	Other	Monthly	10 or more drinks	Daily	Never	Less than monthly	Daily or almost daily	Daily or almost daily	Weekly	No	No
audit	ardac-p-alchepnet	audit_65	pat_65	357	No	Other	4 to 6 times a week	3 drinks	Weekly	Less than monthly	Weekly	Monthly	Monthly	Less than monthly	"Yes, but not in the past year"	No
audit	ardac-p-alchepnet	audit_66	pat_66	25	Yes	Patient/Study Participant	Weekly	5 to 6 drinks	Weekly	Less than monthly	Weekly	Less than monthly	Monthly	Daily or almost daily	"Yes, but not in the past year"	"Yes, but not in the past year"
audit	ardac-p-alchepnet	audit_67	pat_67	142	Yes	Relative of Patient/Study Participant	Never	4 drinks	4 to 6 times a week	Less than monthly	Less than monthly	Monthly	Daily or almost daily	Monthly	No	"Yes, during the past year"
audit	ardac-p-alchepnet	audit_68	pat_68	77	No	Patient/Study Participant	Daily	3 drinks	Never	Weekly	Weekly	Daily or almost daily	Daily or almost daily	Never	"Yes, during the past year"	"Yes, during the past year"
audit	ardac-p-alchepnet	audit_69	pat_69	62	No	Other	Never	2 drinks	Weekly	Weekly	Monthly	Daily or almost daily	Daily or almost daily	Weekly	"Yes, during the past year"	No
audit	ardac-p-alchepnet	audit_70	pat_70	53	No	Relative of Patient/Study Participant	Weekly	2 drinks	Never	Never	Daily or almost daily	Never	Less than monthly	Never	"Yes, but not in the past year"	No
audit	ardac-p-alchepnet	audit_71	pat_71	337	Yes	Other	Monthly	1 drink	4 to 6 times a week	Weekly	Less than monthly	Daily or almost daily	Less than monthly	Daily or almost daily	"Yes, during the past year"	"Yes, but not in the past year"
audit	ardac-p-alchepnet	audit_72	pat_72	66	Yes	Relative of Patient/Study Participant	Weekly	1 drink	2 to 3 times a week	Daily or almost daily	Daily or almost daily	Monthly	Monthly	Never	"Yes, but not in the past year"	"Yes, but not in the past year"
audit	ardac-p-alchepnet	audit_73	pat_73	210	Yes	Relative of Patient/Study Participant	Weekly	3 drinks	Never	Daily or almost daily	Less than monthly	Never	Less than monthly	Daily or almost daily	"Yes, during the past year"	"Yes, but not in the past year"
audit	ardac-p-alchepnet	audit_74	pat_74	318	Yes	Patient/Study Participant	Never	4 drinks	2 to 3 times a week	Less than monthly	Monthly	Never	Weekly	Daily or almost daily	"Yes, during the past year"	No
audit	ardac-p-alchepnet	audit_75	pat_75	176	Yes	Relative of Patient/Study Participant	Monthly	7 to 9 drinks	Weekly	Weekly	Monthly	Less than monthly	Daily or almost daily	Less than monthly	"Yes, but not in the past year"	No
audit	ardac-p-alchepnet	audit_76	pat_76	212	Yes	Other	Monthly	1 drink	4 to 6 times a week	Never	Less than monthly	Never	Never	Monthly	"Yes, but not in the past year"	No
audit	ardac-p-alchepnet	audit_77	pat_77	296	No	Other	Never	1 drink	Monthly	Daily or almost daily	Daily or almost daily	Monthly	Less than monthly	Weekly	No	"Yes, but not in the past year"
audit	ardac-p-alchepnet	audit_78	pat_78	133	Yes	Relative of Patient/Study Participant	4 to 6 times a week	1 drink	Never	Less than monthly	Less than monthly	Daily or almost daily	Never	Daily or almost daily	"Yes, but not in the past year"	No
audit	ardac-p-alchepnet	audit_79	pat_79	223	Yes	Patient/Study Participant	Less than monthly	4 drinks	2 to 3 times a week	Less than monthly	Monthly	Less than monthly	Monthly	Weekly	"Yes, but not in the past year"	No
audit	ardac-p-alchepnet	audit_80	pat_80	212	Yes	Patient/Study Participant	Less than monthly	7 to 9 drinks	Never	Less than monthly	Never	Never	Monthly	Daily or almost daily	No	"Yes, but not in the past year"
audit	ardac-p-alchepnet	audit_81	pat_81	179	No	Other	Weekly	4 drinks	Monthly	Daily or almost daily	Less than monthly	Never	Less than monthly	Weekly	"Yes, but not in the past year"	"Yes, during the past year"
audit	ardac-p-alchepnet	audit_82	pat_82	210	No	Relative of Patient/Study Participant	2 to 3 times a week	7 to 9 drinks	4 to 6 times a week	Less than monthly	Daily or almost daily	Daily or almost daily	Monthly	Less than monthly	No	No
audit	ardac-p-alchepnet	audit_83	pat_83	151	Yes	Relative of Patient/Study Participant	Monthly	1 drink	4 to 6 times a week	Monthly	Weekly	Daily or almost daily	Daily or almost daily	Less than monthly	"Yes, but not in the past year"	No
audit	ardac-p-alchepnet	audit_84	pat_84	73	Yes	Patient/Study Participant	Less than monthly	5 to 6 drinks	Monthly	Less than monthly	Never	Less than monthly	Daily or almost daily	Monthly	No	"Yes, during the past year"
audit	ardac-p-alchepnet	audit_85	pat_85	58	No	Other	Never	1 drink	Daily	Never	Never	Daily or almost daily	Less than monthly	Monthly	"Yes, but not in the past year"	"Yes, but not in the past year"
audit	ardac-p-alchepnet	audit_86	pat_86	49	No	Other	Daily	7 to 9 drinks	Never	Less than monthly	Monthly	Never	Never	Weekly	"Yes, but not in the past year"	No
audit	ardac-p-alchepnet	audit_87	pat_87	315	Yes	Friend of Patient/Study Participant	Daily	1 drink	4 to 6 times a week	Monthly	Weekly	Monthly	Never	Less than monthly	No	"Yes, during the past year"
audit	ardac-p-alchepnet	audit_88	pat_88	248	No	Patient/Study Participant	Never	10 or more drinks	Never	Never	Monthly	Weekly	Monthly	Monthly	"Yes, but not in the past year"	No
audit	ardac-p-alchepnet	audit_89	pat_89	246	No	Relative of Patient/Study Participant	Never	10 or more drinks	4 to 6 times a week	Weekly	Monthly	Never	Daily or almost daily	Never	"Yes, during the past year"	No
audit	ardac-p-alchepnet	audit_90	pat_90	338	No	Relative of Patient/Study Participant	4 to 6 times a week	3 drinks	Monthly	Never	Less than monthly	Never	Less than monthly	Less than monthly	"Yes, during the past year"	"Yes, but not in the past year"
audit	ardac-p-alchepnet	audit_91	pat_91	8	No	Other	Weekly	5 to 6 drinks	Never	Never	Less than monthly	Daily or almost daily	Daily or almost daily	Less than monthly	No	No
audit	ardac-p-alchepnet	audit_92	pat_92	120	No	Patient/Study Participant	2 to 3 times a week	7 to 9 drinks	Weekly	Monthly	Weekly	Weekly	Less than monthly	Less than monthly	"Yes, but not in the past year"	"Yes, but not in the past year"
audit	ardac-p-alchepnet	audit_93	pat_93	325	Yes	Friend of Patient/Study Participant	Monthly	4 drinks	Less than monthly	Weekly	Less than monthly	Daily or almost daily	Less than monthly	Never	"Yes, during the past year"	"Yes, but not in the past year"
audit	ardac-p-alchepnet	audit_94	pat_94	231	Yes	Relative of Patient/Study Participant	Never	1 drink	2 to 3 times a week	Never	Weekly	Less than monthly	Monthly	Daily or almost daily	"Yes, but not in the past year"	"Yes, during the past year"
audit	ardac-p-alchepnet	audit_95	pat_95	146	No	Other	Never	2 drinks	Never	Less than monthly	Weekly	Daily or almost daily	Daily or almost daily	Daily or almost daily	No	No
audit	ardac-p-alchepnet	audit_96	pat_96	205	No	Patient/Study Participant	Daily	3 drinks	Less than monthly	Daily or almost daily	Weekly	Weekly	Less than monthly	Less than monthly	"Yes, during the past year"	No
audit	ardac-p-alchepnet	audit_97	pat_97	343	Yes	Friend of Patient/Study Participant	Monthly	5 to 6 drinks	Monthly	Daily or almost daily	Never	Monthly	Never	Daily or almost daily	"Yes, during the past year"	No
audit	ardac-p-alchepnet	audit_98	pat_98	57	Yes	Relative of Patient/Study Participant	Weekly	4 drinks	2 to 3 times a week	Weekly	Weekly	Weekly	Monthly	Monthly	No	"Yes, but not in the past year"
audit	ardac-p-alchepnet	audit_99	pat_99	336	Yes	Other	Less than monthly	4 drinks	4 to 6 times a week	Less than monthly	Less than monthly	Weekly	Never	Never	"Yes, but not in the past year"	"Yes, during the past year"
audit	ardac-p-alchepnet	audit_100	pat_100	170	No	Friend of Patient/Study Participant	Daily	4 drinks	2 to 3 times a week	Never	Daily or almost daily	Daily or almost daily	Daily or almost daily	Daily or almost daily	No	"Yes, but not in the past year"