*type	project_id	*submitter_id	*studies.submitter_id	actarm	ah_hosp	ah_hosp_num	bari_surgery	cohort	consent_type	days_to_consent	index_date	inf_cnst_sign_dt	study_site	rct_meld_strata
case	ardac-p-alchepnet	pat_1	obs_v0					Heavy Drinker with Alcoholic Hepatits	Informed Consent	0	Study Enrollment	1	Indiana University	High(>25)
case	ardac-p-alchepnet	pat_2	obs_v0					Heavy Drinker with Alcoholic Hepatits	Informed Consent	0	Study Enrollment	1	University of Louisville	High(>25)
case	ardac-p-alchepnet	pat_3	obs_v0					Heavy Drinker with Alcoholic Hepatits	Informed Consent	0	Study Enrollment	1	Virginia Commonwealth University	Low(<=25)
case	ardac-p-alchepnet	pat_4	obs_v0					Healthy Donor	Informed Consent	0	Study Enrollment	1	Indiana University	High(>25)
case	ardac-p-alchepnet	pat_5	obs_v0					Healthy Donor	Informed Consent	0	Study Enrollment	1	Virginia Commonwealth University	High(>25)
case	ardac-p-alchepnet	pat_6	obs_v0					Heavy Drinker with Alcoholic Hepatits	Informed Consent	0	Study Enrollment	1	Indiana University	High(>25)
case	ardac-p-alchepnet	pat_7	obs_v0					Heavy Drinker without Alcoholic Hepatits	Informed Consent	0	Study Enrollment	1	University of Texas Southwest	Low(<=25)
case	ardac-p-alchepnet	pat_8	obs_v0					Heavy Drinker without Alcoholic Hepatits	Informed Consent	0	Study Enrollment	1	Beth Israel Deaconess Medical Center	High(>25)
case	ardac-p-alchepnet	pat_9	obs_v0					Heavy Drinker with Alcoholic Hepatits	Informed Consent	0	Study Enrollment	1	University of Massachusetts	Low(<=25)
case	ardac-p-alchepnet	pat_10	obs_v0					Heavy Drinker without Alcoholic Hepatits	Informed Consent	0	Study Enrollment	1	Virginia Commonwealth University	Low(<=25)
case	ardac-p-alchepnet	pat_11	obs_v0					Healthy Donor	Informed Consent	0	Study Enrollment	1	Beth Israel Deaconess Medical Center	Low(<=25)
case	ardac-p-alchepnet	pat_12	obs_v0					Heavy Drinker with Alcoholic Hepatits	Informed Consent	0	Study Enrollment	1	University of Pittsburgh	Low(<=25)
case	ardac-p-alchepnet	pat_13	obs_v0					Heavy Drinker with Alcoholic Hepatits	Informed Consent	0	Study Enrollment	1	University of Massachusetts	Low(<=25)
case	ardac-p-alchepnet	pat_14	obs_v0					Heavy Drinker without Alcoholic Hepatits	Informed Consent	0	Study Enrollment	1	University of Texas Southwest	High(>25)
case	ardac-p-alchepnet	pat_15	obs_v0					Heavy Drinker without Alcoholic Hepatits	Informed Consent	0	Study Enrollment	1	University of Massachusetts	Low(<=25)
case	ardac-p-alchepnet	pat_16	obs_v0					Heavy Drinker with Alcoholic Hepatits	Informed Consent	0	Study Enrollment	1	University of Louisville	High(>25)
case	ardac-p-alchepnet	pat_17	obs_v0					Heavy Drinker without Alcoholic Hepatits	Informed Consent	0	Study Enrollment	1	Virginia Commonwealth University	Low(<=25)
case	ardac-p-alchepnet	pat_18	obs_v0					Heavy Drinker without Alcoholic Hepatits	Informed Consent	0	Study Enrollment	1	Indiana University	Low(<=25)
case	ardac-p-alchepnet	pat_19	obs_v0					Healthy Donor	Informed Consent	0	Study Enrollment	1	University of Massachusetts	High(>25)
case	ardac-p-alchepnet	pat_20	obs_v0					Heavy Drinker with Alcoholic Hepatits	Informed Consent	0	Study Enrollment	1	University of Texas Southwest	Low(<=25)
case	ardac-p-alchepnet	pat_21	obs_v0					Heavy Drinker without Alcoholic Hepatits	Informed Consent	0	Study Enrollment	1	University of Louisville	High(>25)
case	ardac-p-alchepnet	pat_22	obs_v0					Healthy Donor	Informed Consent	0	Study Enrollment	1	University of Massachusetts	High(>25)
case	ardac-p-alchepnet	pat_23	obs_v0					Heavy Drinker with Alcoholic Hepatits	Informed Consent	0	Study Enrollment	1	Indiana University	High(>25)
case	ardac-p-alchepnet	pat_24	obs_v0					Healthy Donor	Informed Consent	0	Study Enrollment	1	Beth Israel Deaconess Medical Center	Low(<=25)
case	ardac-p-alchepnet	pat_25	obs_v0					Heavy Drinker with Alcoholic Hepatits	Informed Consent	0	Study Enrollment	1	University of Texas Southwest	Low(<=25)
case	ardac-p-alchepnet	pat_26	obs_v0					Heavy Drinker without Alcoholic Hepatits	Informed Consent	0	Study Enrollment	1	Virginia Commonwealth University	High(>25)
case	ardac-p-alchepnet	pat_27	obs_v0					Heavy Drinker without Alcoholic Hepatits	Informed Consent	0	Study Enrollment	1	Beth Israel Deaconess Medical Center	High(>25)
case	ardac-p-alchepnet	pat_28	obs_v0					Heavy Drinker with Alcoholic Hepatits	Informed Consent	0	Study Enrollment	1	University of Pittsburgh	Low(<=25)
case	ardac-p-alchepnet	pat_29	obs_v0					Heavy Drinker without Alcoholic Hepatits	Informed Consent	0	Study Enrollment	1	University of Massachusetts	High(>25)
case	ardac-p-alchepnet	pat_30	obs_v0					Healthy Donor	Informed Consent	0	Study Enrollment	1	Indiana University	Low(<=25)
case	ardac-p-alchepnet	pat_31	obs_v0					Heavy Drinker without Alcoholic Hepatits	Informed Consent	0	Study Enrollment	1	Mayo Clinic Rochester	Low(<=25)
case	ardac-p-alchepnet	pat_32	obs_v0					Healthy Donor	Informed Consent	0	Study Enrollment	1	University of Louisville	Low(<=25)
case	ardac-p-alchepnet	pat_33	obs_v0					Heavy Drinker without Alcoholic Hepatits	Informed Consent	0	Study Enrollment	1	University of Pittsburgh	High(>25)
case	ardac-p-alchepnet	pat_34	obs_v0					Heavy Drinker with Alcoholic Hepatits	Informed Consent	0	Study Enrollment	1	Indiana University	Low(<=25)
case	ardac-p-alchepnet	pat_35	obs_v0					Heavy Drinker with Alcoholic Hepatits	Informed Consent	0	Study Enrollment	1	University of Massachusetts	High(>25)
case	ardac-p-alchepnet	pat_36	obs_v0					Healthy Donor	Informed Consent	0	Study Enrollment	1	Virginia Commonwealth University	Low(<=25)
case	ardac-p-alchepnet	pat_37	obs_v0					Heavy Drinker with Alcoholic Hepatits	Informed Consent	0	Study Enrollment	1	University of Pittsburgh	Low(<=25)
case	ardac-p-alchepnet	pat_38	obs_v0					Healthy Donor	Informed Consent	0	Study Enrollment	1	Cleveland Clinic	High(>25)
case	ardac-p-alchepnet	pat_39	obs_v0					Heavy Drinker with Alcoholic Hepatits	Informed Consent	0	Study Enrollment	1	Beth Israel Deaconess Medical Center	Low(<=25)
case	ardac-p-alchepnet	pat_40	obs_v0					Heavy Drinker without Alcoholic Hepatits	Informed Consent	0	Study Enrollment	1	Cleveland Clinic	High(>25)
case	ardac-p-alchepnet	pat_41	obs_v0					Healthy Donor	Informed Consent	0	Study Enrollment	1	Indiana University	Low(<=25)
case	ardac-p-alchepnet	pat_42	obs_v0					Heavy Drinker without Alcoholic Hepatits	Informed Consent	0	Study Enrollment	1	University of Louisville	High(>25)
case	ardac-p-alchepnet	pat_43	obs_v0					Heavy Drinker with Alcoholic Hepatits	Informed Consent	0	Study Enrollment	1	Virginia Commonwealth University	High(>25)
case	ardac-p-alchepnet	pat_44	obs_v0					Heavy Drinker with Alcoholic Hepatits	Informed Consent	0	Study Enrollment	1	Mayo Clinic Rochester	High(>25)
case	ardac-p-alchepnet	pat_45	obs_v0					Heavy Drinker with Alcoholic Hepatits	Informed Consent	0	Study Enrollment	1	Cleveland Clinic	High(>25)
case	ardac-p-alchepnet	pat_46	obs_v0					Heavy Drinker without Alcoholic Hepatits	Informed Consent	0	Study Enrollment	1	University of Louisville	Low(<=25)
case	ardac-p-alchepnet	pat_47	obs_v0					Healthy Donor	Informed Consent	0	Study Enrollment	1	University of Louisville	Low(<=25)
case	ardac-p-alchepnet	pat_48	obs_v0					Heavy Drinker with Alcoholic Hepatits	Informed Consent	0	Study Enrollment	1	Mayo Clinic Rochester	Low(<=25)
case	ardac-p-alchepnet	pat_49	obs_v0					Healthy Donor	Informed Consent	0	Study Enrollment	1	Cleveland Clinic	High(>25)
case	ardac-p-alchepnet	pat_50	obs_v0					Heavy Drinker without Alcoholic Hepatits	Informed Consent	0	Study Enrollment	1	Virginia Commonwealth University	High(>25)
case	ardac-p-alchepnet	pat_51	obs_v0					Healthy Donor	Informed Consent	0	Study Enrollment	1	University of Massachusetts	High(>25)
case	ardac-p-alchepnet	pat_52	obs_v0					Healthy Donor	Informed Consent	0	Study Enrollment	1	Virginia Commonwealth University	Low(<=25)
case	ardac-p-alchepnet	pat_53	obs_v0					Healthy Donor	Informed Consent	0	Study Enrollment	1	Virginia Commonwealth University	High(>25)
case	ardac-p-alchepnet	pat_54	obs_v0					Healthy Donor	Informed Consent	0	Study Enrollment	1	Mayo Clinic Rochester	Low(<=25)
case	ardac-p-alchepnet	pat_55	obs_v0					Healthy Donor	Informed Consent	0	Study Enrollment	1	Mayo Clinic Rochester	High(>25)
case	ardac-p-alchepnet	pat_56	obs_v0					Heavy Drinker without Alcoholic Hepatits	Informed Consent	0	Study Enrollment	1	Mayo Clinic Rochester	High(>25)
case	ardac-p-alchepnet	pat_57	obs_v0					Healthy Donor	Informed Consent	0	Study Enrollment	1	Cleveland Clinic	High(>25)
case	ardac-p-alchepnet	pat_58	obs_v0					Heavy Drinker with Alcoholic Hepatits	Informed Consent	0	Study Enrollment	1	University of Louisville	High(>25)
case	ardac-p-alchepnet	pat_59	obs_v0					Heavy Drinker without Alcoholic Hepatits	Informed Consent	0	Study Enrollment	1	Virginia Commonwealth University	Low(<=25)
case	ardac-p-alchepnet	pat_60	obs_v0					Heavy Drinker without Alcoholic Hepatits	Informed Consent	0	Study Enrollment	1	University of Louisville	High(>25)
case	ardac-p-alchepnet	pat_61	obs_v0					Healthy Donor	Informed Consent	0	Study Enrollment	1	Beth Israel Deaconess Medical Center	Low(<=25)
case	ardac-p-alchepnet	pat_62	obs_v0					Healthy Donor	Informed Consent	0	Study Enrollment	1	University of Pittsburgh	High(>25)
case	ardac-p-alchepnet	pat_63	obs_v0					Heavy Drinker with Alcoholic Hepatits	Informed Consent	0	Study Enrollment	1	University of Pittsburgh	Low(<=25)
case	ardac-p-alchepnet	pat_64	obs_v0					Heavy Drinker without Alcoholic Hepatits	Informed Consent	0	Study Enrollment	1	Mayo Clinic Rochester	Low(<=25)
case	ardac-p-alchepnet	pat_65	obs_v0					Heavy Drinker without Alcoholic Hepatits	Informed Consent	0	Study Enrollment	1	Beth Israel Deaconess Medical Center	High(>25)
case	ardac-p-alchepnet	pat_66	obs_v0					Heavy Drinker with Alcoholic Hepatits	Informed Consent	0	Study Enrollment	1	Cleveland Clinic	High(>25)
case	ardac-p-alchepnet	pat_67	obs_v0					Healthy Donor	Informed Consent	0	Study Enrollment	1	University of Pittsburgh	High(>25)
case	ardac-p-alchepnet	pat_68	obs_v0					Healthy Donor	Informed Consent	0	Study Enrollment	1	Indiana University	High(>25)
case	ardac-p-alchepnet	pat_69	obs_v0					Heavy Drinker with Alcoholic Hepatits	Informed Consent	0	Study Enrollment	1	Virginia Commonwealth University	High(>25)
case	ardac-p-alchepnet	pat_70	obs_v0					Heavy Drinker without Alcoholic Hepatits	Informed Consent	0	Study Enrollment	1	University of Louisville	Low(<=25)
case	ardac-p-alchepnet	pat_71	obs_v0					Heavy Drinker with Alcoholic Hepatits	Informed Consent	0	Study Enrollment	1	University of Texas Southwest	Low(<=25)
case	ardac-p-alchepnet	pat_72	obs_v0					Healthy Donor	Informed Consent	0	Study Enrollment	1	Cleveland Clinic	Low(<=25)
case	ardac-p-alchepnet	pat_73	obs_v0					Healthy Donor	Informed Consent	0	Study Enrollment	1	University of Texas Southwest	Low(<=25)
case	ardac-p-alchepnet	pat_74	obs_v0					Heavy Drinker without Alcoholic Hepatits	Informed Consent	0	Study Enrollment	1	Cleveland Clinic	Low(<=25)
case	ardac-p-alchepnet	pat_75	obs_v0					Healthy Donor	Informed Consent	0	Study Enrollment	1	University of Louisville	High(>25)
case	ardac-p-alchepnet	pat_76	obs_v0					Heavy Drinker with Alcoholic Hepatits	Informed Consent	0	Study Enrollment	1	Mayo Clinic Rochester	Low(<=25)
case	ardac-p-alchepnet	pat_77	obs_v0					Heavy Drinker without Alcoholic Hepatits	Informed Consent	0	Study Enrollment	1	Mayo Clinic Rochester	Low(<=25)
case	ardac-p-alchepnet	pat_78	obs_v0					Healthy Donor	Informed Consent	0	Study Enrollment	1	Beth Israel Deaconess Medical Center	Low(<=25)
case	ardac-p-alchepnet	pat_79	obs_v0					Healthy Donor	Informed Consent	0	Study Enrollment	1	Cleveland Clinic	Low(<=25)
case	ardac-p-alchepnet	pat_80	obs_v0					Heavy Drinker with Alcoholic Hepatits	Informed Consent	0	Study Enrollment	1	University of Louisville	Low(<=25)
case	ardac-p-alchepnet	pat_81	obs_v0					Healthy Donor	Informed Consent	0	Study Enrollment	1	University of Pittsburgh	Low(<=25)
case	ardac-p-alchepnet	pat_82	obs_v0					Heavy Drinker without Alcoholic Hepatits	Informed Consent	0	Study Enrollment	1	University of Pittsburgh	Low(<=25)
case	ardac-p-alchepnet	pat_83	obs_v0					Healthy Donor	Informed Consent	0	Study Enrollment	1	University of Texas Southwest	High(>25)
case	ardac-p-alchepnet	pat_84	obs_v0					Heavy Drinker with Alcoholic Hepatits	Informed Consent	0	Study Enrollment	1	Beth Israel Deaconess Medical Center	High(>25)
case	ardac-p-alchepnet	pat_85	obs_v0					Heavy Drinker with Alcoholic Hepatits	Informed Consent	0	Study Enrollment	1	University of Pittsburgh	High(>25)
case	ardac-p-alchepnet	pat_86	obs_v0					Healthy Donor	Informed Consent	0	Study Enrollment	1	Cleveland Clinic	Low(<=25)
case	ardac-p-alchepnet	pat_87	obs_v0					Heavy Drinker with Alcoholic Hepatits	Informed Consent	0	Study Enrollment	1	University of Massachusetts	High(>25)
case	ardac-p-alchepnet	pat_88	obs_v0					Heavy Drinker with Alcoholic Hepatits	Informed Consent	0	Study Enrollment	1	University of Louisville	Low(<=25)
case	ardac-p-alchepnet	pat_89	obs_v0					Heavy Drinker with Alcoholic Hepatits	Informed Consent	0	Study Enrollment	1	University of Massachusetts	High(>25)
case	ardac-p-alchepnet	pat_90	obs_v0					Heavy Drinker without Alcoholic Hepatits	Informed Consent	0	Study Enrollment	1	University of Pittsburgh	High(>25)
case	ardac-p-alchepnet	pat_91	obs_v0					Heavy Drinker with Alcoholic Hepatits	Informed Consent	0	Study Enrollment	1	University of Louisville	Low(<=25)
case	ardac-p-alchepnet	pat_92	obs_v0					Healthy Donor	Informed Consent	0	Study Enrollment	1	Cleveland Clinic	Low(<=25)
case	ardac-p-alchepnet	pat_93	obs_v0					Heavy Drinker with Alcoholic Hepatits	Informed Consent	0	Study Enrollment	1	Mayo Clinic Rochester	High(>25)
case	ardac-p-alchepnet	pat_94	obs_v0					Healthy Donor	Informed Consent	0	Study Enrollment	1	University of Louisville	Low(<=25)
case	ardac-p-alchepnet	pat_95	obs_v0					Heavy Drinker without Alcoholic Hepatits	Informed Consent	0	Study Enrollment	1	Beth Israel Deaconess Medical Center	High(>25)
case	ardac-p-alchepnet	pat_96	obs_v0					Heavy Drinker with Alcoholic Hepatits	Informed Consent	0	Study Enrollment	1	Mayo Clinic Rochester	High(>25)
case	ardac-p-alchepnet	pat_97	obs_v0					Heavy Drinker without Alcoholic Hepatits	Informed Consent	0	Study Enrollment	1	University of Pittsburgh	High(>25)
case	ardac-p-alchepnet	pat_98	obs_v0					Heavy Drinker with Alcoholic Hepatits	Informed Consent	0	Study Enrollment	1	Mayo Clinic Rochester	High(>25)
case	ardac-p-alchepnet	pat_99	obs_v0					Heavy Drinker without Alcoholic Hepatits	Informed Consent	0	Study Enrollment	1	University of Texas Southwest	Low(<=25)
case	ardac-p-alchepnet	pat_100	obs_v0					Heavy Drinker with Alcoholic Hepatits	Informed Consent	0	Study Enrollment	1	Mayo Clinic Rochester	High(>25)
case	ardac-p-alchepnet	pat_101	rct_v0	Prednisone				Heavy Drinker without Alcoholic Hepatits	Informed Consent	0	Study Enrollment	1	University of Louisville	High(>25)
case	ardac-p-alchepnet	pat_102	rct_v0	Prednisone				Heavy Drinker with Alcoholic Hepatits	Informed Consent	0	Study Enrollment	1	Beth Israel Deaconess Medical Center	Low(<=25)
case	ardac-p-alchepnet	pat_103	rct_v0	Prednisone				Healthy Donor	Informed Consent	0	Study Enrollment	1	University of Louisville	High(>25)
case	ardac-p-alchepnet	pat_104	rct_v0	Prednisone				Heavy Drinker without Alcoholic Hepatits	Informed Consent	0	Study Enrollment	1	University of Louisville	High(>25)
case	ardac-p-alchepnet	pat_105	rct_v0	Prednisone				Healthy Donor	Informed Consent	0	Study Enrollment	1	University of Louisville	Low(<=25)
case	ardac-p-alchepnet	pat_106	rct_v0	Prednisone				Healthy Donor	Informed Consent	0	Study Enrollment	1	Mayo Clinic Rochester	Low(<=25)
case	ardac-p-alchepnet	pat_107	rct_v0	Prednisone				Healthy Donor	Informed Consent	0	Study Enrollment	1	University of Massachusetts	High(>25)
case	ardac-p-alchepnet	pat_108	rct_v0	Prednisone				Healthy Donor	Informed Consent	0	Study Enrollment	1	Virginia Commonwealth University	Low(<=25)
case	ardac-p-alchepnet	pat_109	rct_v0	Prednisone				Heavy Drinker with Alcoholic Hepatits	Informed Consent	0	Study Enrollment	1	Mayo Clinic Rochester	High(>25)
case	ardac-p-alchepnet	pat_110	rct_v0	Prednisone				Healthy Donor	Informed Consent	0	Study Enrollment	1	University of Louisville	Low(<=25)
case	ardac-p-alchepnet	pat_111	rct_v0	Prednisone				Heavy Drinker with Alcoholic Hepatits	Informed Consent	0	Study Enrollment	1	University of Texas Southwest	Low(<=25)
case	ardac-p-alchepnet	pat_112	rct_v0	Prednisone				Healthy Donor	Informed Consent	0	Study Enrollment	1	University of Pittsburgh	Low(<=25)
case	ardac-p-alchepnet	pat_113	rct_v0	Prednisone				Healthy Donor	Informed Consent	0	Study Enrollment	1	Virginia Commonwealth University	Low(<=25)
case	ardac-p-alchepnet	pat_114	rct_v0	Prednisone				Healthy Donor	Informed Consent	0	Study Enrollment	1	University of Texas Southwest	Low(<=25)
case	ardac-p-alchepnet	pat_115	rct_v0	Prednisone				Heavy Drinker without Alcoholic Hepatits	Informed Consent	0	Study Enrollment	1	University of Louisville	High(>25)
case	ardac-p-alchepnet	pat_116	rct_v0	Prednisone				Healthy Donor	Informed Consent	0	Study Enrollment	1	Virginia Commonwealth University	Low(<=25)
case	ardac-p-alchepnet	pat_117	rct_v0	Prednisone				Heavy Drinker without Alcoholic Hepatits	Informed Consent	0	Study Enrollment	1	University of Texas Southwest	High(>25)
case	ardac-p-alchepnet	pat_118	rct_v0	Prednisone				Heavy Drinker without Alcoholic Hepatits	Informed Consent	0	Study Enrollment	1	University of Massachusetts	High(>25)
case	ardac-p-alchepnet	pat_119	rct_v0	Prednisone				Healthy Donor	Informed Consent	0	Study Enrollment	1	University of Pittsburgh	High(>25)
case	ardac-p-alchepnet	pat_120	rct_v0	Prednisone				Heavy Drinker without Alcoholic Hepatits	Informed Consent	0	Study Enrollment	1	Indiana University	High(>25)
case	ardac-p-alchepnet	pat_121	rct_v0	Prednisone				Healthy Donor	Informed Consent	0	Study Enrollment	1	Indiana University	High(>25)
case	ardac-p-alchepnet	pat_122	rct_v0	Prednisone				Healthy Donor	Informed Consent	0	Study Enrollment	1	University of Texas Southwest	Low(<=25)
case	ardac-p-alchepnet	pat_123	rct_v0	Prednisone				Healthy Donor	Informed Consent	0	Study Enrollment	1	University of Pittsburgh	High(>25)
case	ardac-p-alchepnet	pat_124	rct_v0	Prednisone				Heavy Drinker without Alcoholic Hepatits	Informed Consent	0	Study Enrollment	1	University of Texas Southwest	High(>25)
case	ardac-p-alchepnet	pat_125	rct_v0	Prednisone				Heavy Drinker without Alcoholic Hepatits	Informed Consent	0	Study Enrollment	1	Virginia Commonwealth University	Low(<=25)
case	ardac-p-alchepnet	pat_126	rct_v0	Anakinra + Zinc				Heavy Drinker without Alcoholic Hepatits	Informed Consent	0	Study Enrollment	1	Beth Israel Deaconess Medical Center	High(>25)
case	ardac-p-alchepnet	pat_127	rct_v0	Anakinra + Zinc				Healthy Donor	Informed Consent	0	Study Enrollment	1	Mayo Clinic Rochester	Low(<=25)
case	ardac-p-alchepnet	pat_128	rct_v0	Anakinra + Zinc				Healthy Donor	Informed Consent	0	Study Enrollment	1	Mayo Clinic Rochester	High(>25)
case	ardac-p-alchepnet	pat_129	rct_v0	Anakinra + Zinc				Heavy Drinker with Alcoholic Hepatits	Informed Consent	0	Study Enrollment	1	Beth Israel Deaconess Medical Center	High(>25)
case	ardac-p-alchepnet	pat_130	rct_v0	Anakinra + Zinc				Healthy Donor	Informed Consent	0	Study Enrollment	1	Beth Israel Deaconess Medical Center	Low(<=25)
case	ardac-p-alchepnet	pat_131	rct_v0	Anakinra + Zinc				Heavy Drinker without Alcoholic Hepatits	Informed Consent	0	Study Enrollment	1	Indiana University	Low(<=25)
case	ardac-p-alchepnet	pat_132	rct_v0	Anakinra + Zinc				Heavy Drinker with Alcoholic Hepatits	Informed Consent	0	Study Enrollment	1	University of Massachusetts	Low(<=25)
case	ardac-p-alchepnet	pat_133	rct_v0	Anakinra + Zinc				Healthy Donor	Informed Consent	0	Study Enrollment	1	University of Louisville	High(>25)
case	ardac-p-alchepnet	pat_134	rct_v0	Anakinra + Zinc				Heavy Drinker without Alcoholic Hepatits	Informed Consent	0	Study Enrollment	1	University of Massachusetts	High(>25)
case	ardac-p-alchepnet	pat_135	rct_v0	Anakinra + Zinc				Heavy Drinker with Alcoholic Hepatits	Informed Consent	0	Study Enrollment	1	Indiana University	Low(<=25)
case	ardac-p-alchepnet	pat_136	rct_v0	Anakinra + Zinc				Heavy Drinker with Alcoholic Hepatits	Informed Consent	0	Study Enrollment	1	University of Pittsburgh	Low(<=25)
case	ardac-p-alchepnet	pat_137	rct_v0	Anakinra + Zinc				Heavy Drinker without Alcoholic Hepatits	Informed Consent	0	Study Enrollment	1	Virginia Commonwealth University	Low(<=25)
case	ardac-p-alchepnet	pat_138	rct_v0	Anakinra + Zinc				Heavy Drinker with Alcoholic Hepatits	Informed Consent	0	Study Enrollment	1	Beth Israel Deaconess Medical Center	Low(<=25)
case	ardac-p-alchepnet	pat_139	rct_v0	Anakinra + Zinc				Heavy Drinker without Alcoholic Hepatits	Informed Consent	0	Study Enrollment	1	University of Pittsburgh	Low(<=25)
case	ardac-p-alchepnet	pat_140	rct_v0	Anakinra + Zinc				Heavy Drinker without Alcoholic Hepatits	Informed Consent	0	Study Enrollment	1	Beth Israel Deaconess Medical Center	High(>25)
case	ardac-p-alchepnet	pat_141	rct_v0	Anakinra + Zinc				Heavy Drinker with Alcoholic Hepatits	Informed Consent	0	Study Enrollment	1	University of Massachusetts	High(>25)
case	ardac-p-alchepnet	pat_142	rct_v0	Anakinra + Zinc				Healthy Donor	Informed Consent	0	Study Enrollment	1	Indiana University	High(>25)
case	ardac-p-alchepnet	pat_143	rct_v0	Anakinra + Zinc				Heavy Drinker without Alcoholic Hepatits	Informed Consent	0	Study Enrollment	1	University of Massachusetts	High(>25)
case	ardac-p-alchepnet	pat_144	rct_v0	Anakinra + Zinc				Healthy Donor	Informed Consent	0	Study Enrollment	1	University of Pittsburgh	High(>25)
case	ardac-p-alchepnet	pat_145	rct_v0	Anakinra + Zinc				Heavy Drinker without Alcoholic Hepatits	Informed Consent	0	Study Enrollment	1	Mayo Clinic Rochester	High(>25)
case	ardac-p-alchepnet	pat_146	rct_v0	Anakinra + Zinc				Healthy Donor	Informed Consent	0	Study Enrollment	1	Mayo Clinic Rochester	Low(<=25)
case	ardac-p-alchepnet	pat_147	rct_v0	Anakinra + Zinc				Healthy Donor	Informed Consent	0	Study Enrollment	1	University of Massachusetts	High(>25)
case	ardac-p-alchepnet	pat_148	rct_v0	Anakinra + Zinc				Heavy Drinker without Alcoholic Hepatits	Informed Consent	0	Study Enrollment	1	Indiana University	Low(<=25)
case	ardac-p-alchepnet	pat_149	rct_v0	Anakinra + Zinc				Heavy Drinker with Alcoholic Hepatits	Informed Consent	0	Study Enrollment	1	University of Texas Southwest	High(>25)
case	ardac-p-alchepnet	pat_150	rct_v0	Anakinra + Zinc				Healthy Donor	Informed Consent	0	Study Enrollment	1	Indiana University	Low(<=25)
case	ardac-p-alchepnet	pat_151	rct_v0	Not Treated				Heavy Drinker without Alcoholic Hepatits	Informed Consent	0	Study Enrollment	1	Mayo Clinic Rochester	Low(<=25)
case	ardac-p-alchepnet	pat_152	rct_v0	Not Treated				Heavy Drinker without Alcoholic Hepatits	Informed Consent	0	Study Enrollment	1	Cleveland Clinic	Low(<=25)
case	ardac-p-alchepnet	pat_153	rct_v0	Not Treated				Healthy Donor	Informed Consent	0	Study Enrollment	1	Indiana University	Low(<=25)
case	ardac-p-alchepnet	pat_154	rct_v0	Not Treated				Healthy Donor	Informed Consent	0	Study Enrollment	1	University of Massachusetts	High(>25)
case	ardac-p-alchepnet	pat_155	rct_v0	Not Treated				Heavy Drinker with Alcoholic Hepatits	Informed Consent	0	Study Enrollment	1	University of Pittsburgh	Low(<=25)
case	ardac-p-alchepnet	pat_156	rct_v0	Not Treated				Heavy Drinker without Alcoholic Hepatits	Informed Consent	0	Study Enrollment	1	Cleveland Clinic	High(>25)
case	ardac-p-alchepnet	pat_157	rct_v0	Not Treated				Healthy Donor	Informed Consent	0	Study Enrollment	1	Indiana University	High(>25)
case	ardac-p-alchepnet	pat_158	rct_v0	Not Treated				Heavy Drinker with Alcoholic Hepatits	Informed Consent	0	Study Enrollment	1	University of Pittsburgh	High(>25)
case	ardac-p-alchepnet	pat_159	rct_v0	Not Treated				Heavy Drinker without Alcoholic Hepatits	Informed Consent	0	Study Enrollment	1	Beth Israel Deaconess Medical Center	High(>25)
case	ardac-p-alchepnet	pat_160	rct_v0	Not Treated				Healthy Donor	Informed Consent	0	Study Enrollment	1	University of Massachusetts	High(>25)
case	ardac-p-alchepnet	pat_161	rct_v0	Not Treated				Heavy Drinker without Alcoholic Hepatits	Informed Consent	0	Study Enrollment	1	University of Massachusetts	High(>25)
case	ardac-p-alchepnet	pat_162	rct_v0	Not Treated				Healthy Donor	Informed Consent	0	Study Enrollment	1	University of Massachusetts	Low(<=25)
case	ardac-p-alchepnet	pat_163	rct_v0	Not Treated				Heavy Drinker with Alcoholic Hepatits	Informed Consent	0	Study Enrollment	1	University of Pittsburgh	High(>25)
case	ardac-p-alchepnet	pat_164	rct_v0	Not Treated				Heavy Drinker without Alcoholic Hepatits	Informed Consent	0	Study Enrollment	1	Cleveland Clinic	High(>25)
case	ardac-p-alchepnet	pat_165	rct_v0	Not Treated				Heavy Drinker with Alcoholic Hepatits	Informed Consent	0	Study Enrollment	1	University of Louisville	Low(<=25)
case	ardac-p-alchepnet	pat_166	rct_v0	Not Treated				Heavy Drinker with Alcoholic Hepatits	Informed Consent	0	Study Enrollment	1	University of Louisville	High(>25)
case	ardac-p-alchepnet	pat_167	rct_v0	Not Treated				Heavy Drinker without Alcoholic Hepatits	Informed Consent	0	Study Enrollment	1	Cleveland Clinic	High(>25)
case	ardac-p-alchepnet	pat_168	rct_v0	Not Treated				Healthy Donor	Informed Consent	0	Study Enrollment	1	University of Pittsburgh	Low(<=25)
case	ardac-p-alchepnet	pat_169	rct_v0	Not Treated				Heavy Drinker with Alcoholic Hepatits	Informed Consent	0	Study Enrollment	1	Mayo Clinic Rochester	High(>25)
case	ardac-p-alchepnet	pat_170	rct_v0	Not Treated				Healthy Donor	Informed Consent	0	Study Enrollment	1	University of Pittsburgh	Low(<=25)
case	ardac-p-alchepnet	pat_171	rct_v0	Not Treated				Healthy Donor	Informed Consent	0	Study Enrollment	1	University of Massachusetts	High(>25)
case	ardac-p-alchepnet	pat_172	rct_v0	Not Treated				Heavy Drinker with Alcoholic Hepatits	Informed Consent	0	Study Enrollment	1	Indiana University	Low(<=25)
case	ardac-p-alchepnet	pat_173	rct_v0	Not Treated				Heavy Drinker without Alcoholic Hepatits	Informed Consent	0	Study Enrollment	1	Cleveland Clinic	High(>25)
case	ardac-p-alchepnet	pat_174	rct_v0	Not Treated				Heavy Drinker with Alcoholic Hepatits	Informed Consent	0	Study Enrollment	1	Indiana University	High(>25)
case	ardac-p-alchepnet	pat_175	rct_v0	Not Treated				Heavy Drinker with Alcoholic Hepatits	Informed Consent	0	Study Enrollment	1	University of Massachusetts	High(>25)
case	ardac-p-alchepnet	pat_176	rct_v0	Not Treated				Healthy Donor	Informed Consent	0	Study Enrollment	1	Beth Israel Deaconess Medical Center	High(>25)
case	ardac-p-alchepnet	pat_177	rct_v0	Not Treated				Healthy Donor	Informed Consent	0	Study Enrollment	1	Cleveland Clinic	Low(<=25)
case	ardac-p-alchepnet	pat_178	rct_v0	Not Treated				Heavy Drinker without Alcoholic Hepatits	Informed Consent	0	Study Enrollment	1	Beth Israel Deaconess Medical Center	High(>25)
case	ardac-p-alchepnet	pat_179	rct_v0	Not Treated				Healthy Donor	Informed Consent	0	Study Enrollment	1	Virginia Commonwealth University	High(>25)
case	ardac-p-alchepnet	pat_180	rct_v0	Not Treated				Heavy Drinker with Alcoholic Hepatits	Informed Consent	0	Study Enrollment	1	University of Louisville	Low(<=25)
case	ardac-p-alchepnet	pat_181	rct_v0	Not Treated				Heavy Drinker without Alcoholic Hepatits	Informed Consent	0	Study Enrollment	1	Mayo Clinic Rochester	High(>25)
case	ardac-p-alchepnet	pat_182	rct_v0	Not Treated				Healthy Donor	Informed Consent	0	Study Enrollment	1	Virginia Commonwealth University	High(>25)
case	ardac-p-alchepnet	pat_183	rct_v0	Not Treated				Heavy Drinker with Alcoholic Hepatits	Informed Consent	0	Study Enrollment	1	Cleveland Clinic	Low(<=25)
case	ardac-p-alchepnet	pat_184	rct_v0	Not Treated				Heavy Drinker with Alcoholic Hepatits	Informed Consent	0	Study Enrollment	1	University of Louisville	High(>25)
case	ardac-p-alchepnet	pat_185	rct_v0	Not Treated				Healthy Donor	Informed Consent	0	Study Enrollment	1	Indiana University	Low(<=25)
case	ardac-p-alchepnet	pat_186	rct_v0	Not Treated				Healthy Donor	Informed Consent	0	Study Enrollment	1	Virginia Commonwealth University	Low(<=25)
case	ardac-p-alchepnet	pat_187	rct_v0	Not Treated				Heavy Drinker with Alcoholic Hepatits	Informed Consent	0	Study Enrollment	1	University of Pittsburgh	Low(<=25)
case	ardac-p-alchepnet	pat_188	rct_v0	Not Treated				Heavy Drinker without Alcoholic Hepatits	Informed Consent	0	Study Enrollment	1	University of Pittsburgh	High(>25)
case	ardac-p-alchepnet	pat_189	rct_v0	Not Treated				Healthy Donor	Informed Consent	0	Study Enrollment	1	Cleveland Clinic	Low(<=25)
case	ardac-p-alchepnet	pat_190	rct_v0	Not Treated				Heavy Drinker without Alcoholic Hepatits	Informed Consent	0	Study Enrollment	1	University of Pittsburgh	Low(<=25)
case	ardac-p-alchepnet	pat_191	rct_v0	Not Treated				Healthy Donor	Informed Consent	0	Study Enrollment	1	Indiana University	Low(<=25)
case	ardac-p-alchepnet	pat_192	rct_v0	Not Treated				Healthy Donor	Informed Consent	0	Study Enrollment	1	Indiana University	Low(<=25)
case	ardac-p-alchepnet	pat_193	rct_v0	Not Treated				Heavy Drinker without Alcoholic Hepatits	Informed Consent	0	Study Enrollment	1	Virginia Commonwealth University	Low(<=25)
case	ardac-p-alchepnet	pat_194	rct_v0	Not Treated				Healthy Donor	Informed Consent	0	Study Enrollment	1	University of Massachusetts	High(>25)
case	ardac-p-alchepnet	pat_195	rct_v0	Not Treated				Heavy Drinker without Alcoholic Hepatits	Informed Consent	0	Study Enrollment	1	Cleveland Clinic	Low(<=25)
case	ardac-p-alchepnet	pat_196	rct_v0	Not Treated				Healthy Donor	Informed Consent	0	Study Enrollment	1	University of Louisville	Low(<=25)
case	ardac-p-alchepnet	pat_197	rct_v0	Not Treated				Heavy Drinker without Alcoholic Hepatits	Informed Consent	0	Study Enrollment	1	University of Massachusetts	High(>25)
case	ardac-p-alchepnet	pat_198	rct_v0	Not Treated				Healthy Donor	Informed Consent	0	Study Enrollment	1	University of Louisville	Low(<=25)
case	ardac-p-alchepnet	pat_199	rct_v0	Not Treated				Heavy Drinker with Alcoholic Hepatits	Informed Consent	0	Study Enrollment	1	Virginia Commonwealth University	High(>25)
case	ardac-p-alchepnet	pat_200	rct_v0	Not Treated				Heavy Drinker without Alcoholic Hepatits	Informed Consent	0	Study Enrollment	1	Mayo Clinic Rochester	Low(<=25)