*type	project_id	*submitter_id	*cases.submitter_id	*ethnicity	*gender	*race	*vital_status	age_at_index	cause_of_death_primary	cause_of_death_secondary	cur_employ_stat	days_to_death	death_related_to	education	marital	sex	year_of_birth	year_of_death
demographic	ardac-p-alchepnet	demographic_1	pat_1	Unknown	not reported	american indiana or alaska native	Unknown	22	Surgical Complications	Infection	No	16645	Unknown	Not high school graduate	Separated	U	2013	1926
demographic	ardac-p-alchepnet	demographic_2	pat_2	hispanic or latino	unknown	other	Dead	2	End-stage Renal Disease	End-stage Renal Disease	No	10468	Spontaneous Bacterial Peritonitis	Some college or associate degree	Widowed	UNDIFFERENTIATED	2014	1926
demographic	ardac-p-alchepnet	demographic_3	pat_3	not allowed to collect	unspecified	More than one race	Not Reported	26	Surgical Complications	Cardiovascular Disorder	Not sure	34818	Spontaneous Bacterial Peritonitis	Some college or associate degree	Separated	U	1923	1962
demographic	ardac-p-alchepnet	demographic_4	pat_4	Unknown	not reported	white	Not Reported	16	Infection	Spinal Muscular Atrophy	No	20625	Spontaneous Bacterial Peritonitis	High school graduate (including equivalency)	Divorced	F	1958	1927
demographic	ardac-p-alchepnet	demographic_5	pat_5	Unknown	not reported	white	Not Reported	36	Unknown	Toxicity	Yes	586	Other	Master's Degree	Widowed	U	2001	2027
demographic	ardac-p-alchepnet	demographic_6	pat_6	Unknown	male	black or african american	Dead	77	Unknown	NOS	No	22842	Gastric Variceal Bleeding	No formal education	Widowed	U	2014	2004
demographic	ardac-p-alchepnet	demographic_7	pat_7	hispanic or latino	male	black or african american	Unknown	52	Kidney Disease	Infection	Not sure	2692	Sepsis	Doctoral degree or professional degree	Divorced	M	2015	1999
demographic	ardac-p-alchepnet	demographic_8	pat_8	not allowed to collect	unspecified	american indiana or alaska native	Alive	72	Cardiovascular Disorder	Not Cancer Related	Not sure	14962	Liver Disease - Other	Some training after high school	Widowed	UNDIFFERENTIATED	1957	1949
demographic	ardac-p-alchepnet	demographic_9	pat_9	hispanic or latino	not reported	white	Alive	29	Infection	Toxicity	No	30606	Spontaneous Bacterial Peritonitis	Some college or associate degree	Never Married	M	2015	1960
demographic	ardac-p-alchepnet	demographic_10	pat_10	hispanic or latino	female	asian	Dead	17	Surgical Complications	Toxicity	Not sure	17305	Liver Disease - Other	Doctoral degree or professional degree	Married	F	1948	2027
demographic	ardac-p-alchepnet	demographic_11	pat_11	not allowed to collect	unknown	native hawaiian or other pacific islander	Unknown	18	Toxicity	Spinal Muscular Atrophy	Yes	21224	Liver Disease - Other	Not high school graduate	Separated	M	1933	1952
demographic	ardac-p-alchepnet	demographic_12	pat_12	hispanic or latino	female	asian	Not Reported	4	Kidney Disease	Not Cancer Related	Not sure	14453	Other	Grade School	Divorced	M	1969	1951
demographic	ardac-p-alchepnet	demographic_13	pat_13	not reported	not reported	native hawaiian or other pacific islander	Alive	92	Not Reported	NOS	Not sure	27252	Gastric Variceal Bleeding	Grade School	Married	F	1971	2007
demographic	ardac-p-alchepnet	demographic_14	pat_14	not allowed to collect	female	not allowed to contact	Dead	76	Surgical Complications	NOS	Missing	31001	Gastric Variceal Bleeding	Not high school graduate	Widowed	F	1966	1984
demographic	ardac-p-alchepnet	demographic_15	pat_15	Unknown	unknown	asian	Not Reported	16	Spinal Muscular Atrophy	Unknown	No	6807	Spontaneous Bacterial Peritonitis	Graduate or professional degree	Never Married	UNDIFFERENTIATED	1988	2041
demographic	ardac-p-alchepnet	demographic_16	pat_16	not allowed to collect	male	white	Dead	62	Surgical Complications	Not Cancer Related	Not sure	1348	Gastric Variceal Bleeding	Data not available	Divorced	M	1976	1982
demographic	ardac-p-alchepnet	demographic_17	pat_17	not allowed to collect	male	american indiana or alaska native	Dead	86	Surgical Complications	Not Reported	Missing	30307	Unknown	No formal education	Domestic Partnership	M	1980	1951
demographic	ardac-p-alchepnet	demographic_18	pat_18	not reported	not reported	Unknown	Dead	31	Spinal Muscular Atrophy	Toxicity	No	4356	Gastric Variceal Bleeding	No formal education	Domestic Partnership	UNDIFFERENTIATED	2004	2024
demographic	ardac-p-alchepnet	demographic_19	pat_19	not hispanic or latino	not reported	white	Not Reported	97	Unknown	Toxicity	No	33422	Liver Disease - Other	Doctoral degree or professional degree	Separated	F	1994	1991
demographic	ardac-p-alchepnet	demographic_20	pat_20	hispanic or latino	unknown	asian	Unknown	86	Surgical Complications	Kidney Disease	Yes	26297	Gastric Variceal Bleeding	Some college or associate degree	Separated	F	2000	1932
demographic	ardac-p-alchepnet	demographic_21	pat_21	not hispanic or latino	female	not reported	Dead	78	NOS	Surgical Complications	Yes	32217	Spontaneous Bacterial Peritonitis	Master's Degree	Domestic Partnership	M	1986	1954
demographic	ardac-p-alchepnet	demographic_22	pat_22	not reported	female	Unknown	Unknown	10	Spinal Muscular Atrophy	Surgical Complications	Yes	24736	Other	No formal education	Domestic Partnership	M	1986	2003
demographic	ardac-p-alchepnet	demographic_23	pat_23	Unknown	unspecified	asian	Not Reported	21	Spinal Muscular Atrophy	Spinal Muscular Atrophy	Yes	9939	Unknown	Data not available	Separated	M	2017	1983
demographic	ardac-p-alchepnet	demographic_24	pat_24	not hispanic or latino	male	More than one race	Alive	14	Not Reported	NOS	No	29385	Other	Graduate or professional degree	Separated	M	1926	2039
demographic	ardac-p-alchepnet	demographic_25	pat_25	not allowed to collect	unspecified	not reported	Alive	26	Unknown	Kidney Disease	Missing	29631	Liver Disease - Other	Data not available	Married	F	1990	2005
demographic	ardac-p-alchepnet	demographic_26	pat_26	Unknown	male	other	Dead	43	Kidney Disease	Surgical Complications	No	14460	Unknown	Grade School	Married	U	1965	1988
demographic	ardac-p-alchepnet	demographic_27	pat_27	hispanic or latino	female	not allowed to contact	Unknown	99	End-stage Renal Disease	Not Reported	Not sure	20539	Spontaneous Bacterial Peritonitis	Bachelor's Degree	Divorced	F	2008	1965
demographic	ardac-p-alchepnet	demographic_28	pat_28	hispanic or latino	male	other	Not Reported	18	Unknown	Cardiovascular Disorder	No	10952	Sepsis	High school graduate (including equivalency)	Separated	UNDIFFERENTIATED	1923	1978
demographic	ardac-p-alchepnet	demographic_29	pat_29	hispanic or latino	male	american indiana or alaska native	Dead	67	Not Reported	Cardiovascular Disorder	Missing	19602	Gastric Variceal Bleeding	Doctoral degree or professional degree	Never Married	F	1989	1955
demographic	ardac-p-alchepnet	demographic_30	pat_30	hispanic or latino	unspecified	black or african american	Not Reported	48	Surgical Complications	NOS	Missing	22766	Other	Some training after high school	Domestic Partnership	U	1949	1994
demographic	ardac-p-alchepnet	demographic_31	pat_31	not reported	unknown	american indiana or alaska native	Unknown	68	NOS	Toxicity	Yes	34139	Gastric Variceal Bleeding	Some training after high school	Domestic Partnership	UNDIFFERENTIATED	1964	2041
demographic	ardac-p-alchepnet	demographic_32	pat_32	hispanic or latino	female	Unknown	Dead	66	Kidney Disease	Not Cancer Related	Yes	31525	Unknown	No formal education	Widowed	M	1924	1952
demographic	ardac-p-alchepnet	demographic_33	pat_33	hispanic or latino	not reported	native hawaiian or other pacific islander	Unknown	5	Kidney Disease	Surgical Complications	Missing	3447	Liver Disease - Other	Grade School	Divorced	UNDIFFERENTIATED	1946	1959
demographic	ardac-p-alchepnet	demographic_34	pat_34	hispanic or latino	unspecified	white	Alive	1	NOS	NOS	Missing	19435	Liver Disease - Other	No formal education	Never Married	M	1982	1978
demographic	ardac-p-alchepnet	demographic_35	pat_35	not reported	not reported	other	Unknown	80	NOS	Cardiovascular Disorder	No	15570	Esophageal Variceal Bleed	Graduate or professional degree	Separated	F	1982	2006
demographic	ardac-p-alchepnet	demographic_36	pat_36	hispanic or latino	female	More than one race	Alive	83	Kidney Disease	Unknown	Yes	17053	Other	Some training after high school	Domestic Partnership	UNDIFFERENTIATED	1961	2048
demographic	ardac-p-alchepnet	demographic_37	pat_37	hispanic or latino	unknown	Unknown	Not Reported	44	Cardiovascular Disorder	Spinal Muscular Atrophy	No	12508	Other	Bachelor's Degree	Widowed	F	1987	1991
demographic	ardac-p-alchepnet	demographic_38	pat_38	not allowed to collect	female	white	Alive	29	Surgical Complications	Surgical Complications	No	21072	Unknown	Graduate or professional degree	Separated	F	1958	1972
demographic	ardac-p-alchepnet	demographic_39	pat_39	not reported	not reported	native hawaiian or other pacific islander	Dead	44	Unknown	Cardiovascular Disorder	No	11656	Gastric Variceal Bleeding	Data not available	Separated	F	1998	1943
demographic	ardac-p-alchepnet	demographic_40	pat_40	Unknown	male	asian	Alive	88	Surgical Complications	Not Reported	Yes	13119	Gastric Variceal Bleeding	Some training after high school	Married	UNDIFFERENTIATED	1953	1974
demographic	ardac-p-alchepnet	demographic_41	pat_41	not hispanic or latino	female	white	Not Reported	45	Surgical Complications	End-stage Renal Disease	No	6669	Unknown	Bachelor's Degree	Never Married	UNDIFFERENTIATED	2015	1985
demographic	ardac-p-alchepnet	demographic_42	pat_42	not reported	unspecified	not reported	Alive	84	Infection	Not Reported	Yes	28639	Gastric Variceal Bleeding	Doctoral degree or professional degree	Divorced	UNDIFFERENTIATED	1944	1985
demographic	ardac-p-alchepnet	demographic_43	pat_43	not allowed to collect	not reported	american indiana or alaska native	Alive	56	Infection	NOS	No	24531	Other	Some training after high school	Married	F	2006	1937
demographic	ardac-p-alchepnet	demographic_44	pat_44	not hispanic or latino	female	not reported	Dead	91	Kidney Disease	Infection	No	14325	Sepsis	No formal education	Divorced	UNDIFFERENTIATED	1969	1982
demographic	ardac-p-alchepnet	demographic_45	pat_45	not reported	unspecified	native hawaiian or other pacific islander	Unknown	33	NOS	End-stage Renal Disease	Yes	10051	Other	Bachelor's Degree	Never Married	UNDIFFERENTIATED	1986	1976
demographic	ardac-p-alchepnet	demographic_46	pat_46	Unknown	not reported	native hawaiian or other pacific islander	Not Reported	14	NOS	Cardiovascular Disorder	Yes	34881	Other	Data not available	Divorced	UNDIFFERENTIATED	1972	1960
demographic	ardac-p-alchepnet	demographic_47	pat_47	Unknown	unspecified	More than one race	Alive	61	Unknown	NOS	No	29655	Other	Some college or associate degree	Divorced	M	1948	1928
demographic	ardac-p-alchepnet	demographic_48	pat_48	hispanic or latino	unspecified	black or african american	Alive	78	Toxicity	Infection	Yes	4350	Esophageal Variceal Bleed	High school graduate (including equivalency)	Never Married	UNDIFFERENTIATED	1936	2009
demographic	ardac-p-alchepnet	demographic_49	pat_49	not hispanic or latino	male	black or african american	Unknown	7	Not Reported	Kidney Disease	Missing	26774	Unknown	Some college or associate degree	Married	U	2001	2046
demographic	ardac-p-alchepnet	demographic_50	pat_50	Unknown	female	More than one race	Alive	47	NOS	Unknown	Missing	10986	Spontaneous Bacterial Peritonitis	Some college or associate degree	Separated	F	2006	1944
demographic	ardac-p-alchepnet	demographic_51	pat_51	not allowed to collect	unspecified	black or african american	Not Reported	87	Infection	Toxicity	Yes	33889	Esophageal Variceal Bleed	Bachelor's Degree	Never Married	F	1967	1964
demographic	ardac-p-alchepnet	demographic_52	pat_52	hispanic or latino	unknown	other	Not Reported	31	NOS	Not Cancer Related	Missing	5019	Esophageal Variceal Bleed	High school graduate (including equivalency)	Separated	U	2008	2017
demographic	ardac-p-alchepnet	demographic_53	pat_53	not hispanic or latino	male	other	Unknown	61	Unknown	Surgical Complications	No	21799	Esophageal Variceal Bleed	Master's Degree	Divorced	M	2004	1965
demographic	ardac-p-alchepnet	demographic_54	pat_54	hispanic or latino	female	black or african american	Alive	85	NOS	NOS	No	17337	Unknown	Graduate or professional degree	Domestic Partnership	F	2014	2008
demographic	ardac-p-alchepnet	demographic_55	pat_55	not hispanic or latino	unspecified	american indiana or alaska native	Not Reported	88	Infection	Not Cancer Related	Missing	27608	Spontaneous Bacterial Peritonitis	No formal education	Separated	UNDIFFERENTIATED	2022	2006
demographic	ardac-p-alchepnet	demographic_56	pat_56	not allowed to collect	unspecified	other	Alive	47	Cardiovascular Disorder	Spinal Muscular Atrophy	Not sure	27880	Spontaneous Bacterial Peritonitis	High school graduate (including equivalency)	Separated	F	1987	1987
demographic	ardac-p-alchepnet	demographic_57	pat_57	not reported	unspecified	native hawaiian or other pacific islander	Unknown	92	Spinal Muscular Atrophy	Infection	Not sure	24499	Esophageal Variceal Bleed	Graduate or professional degree	Widowed	U	2008	2012
demographic	ardac-p-alchepnet	demographic_58	pat_58	not reported	unspecified	american indiana or alaska native	Unknown	4	NOS	Surgical Complications	Not sure	31739	Sepsis	Doctoral degree or professional degree	Widowed	UNDIFFERENTIATED	1937	2009
demographic	ardac-p-alchepnet	demographic_59	pat_59	not reported	male	black or african american	Alive	34	Infection	Not Cancer Related	Not sure	11384	Liver Disease - Other	Some training after high school	Divorced	UNDIFFERENTIATED	2006	2026
demographic	ardac-p-alchepnet	demographic_60	pat_60	not allowed to collect	not reported	white	Dead	96	Kidney Disease	Spinal Muscular Atrophy	Yes	22411	Esophageal Variceal Bleed	Bachelor's Degree	Divorced	UNDIFFERENTIATED	2016	1968
demographic	ardac-p-alchepnet	demographic_61	pat_61	not reported	unspecified	asian	Not Reported	67	Spinal Muscular Atrophy	Spinal Muscular Atrophy	Not sure	26619	Sepsis	Master's Degree	Domestic Partnership	UNDIFFERENTIATED	1982	1988
demographic	ardac-p-alchepnet	demographic_62	pat_62	not hispanic or latino	male	black or african american	Not Reported	17	End-stage Renal Disease	Not Cancer Related	No	20623	Unknown	No formal education	Married	M	1971	2019
demographic	ardac-p-alchepnet	demographic_63	pat_63	Unknown	unspecified	american indiana or alaska native	Dead	39	Not Cancer Related	NOS	Not sure	13257	Liver Disease - Other	No formal education	Married	UNDIFFERENTIATED	2006	2040
demographic	ardac-p-alchepnet	demographic_64	pat_64	not reported	not reported	native hawaiian or other pacific islander	Dead	49	Unknown	Not Reported	Yes	12094	Liver Disease - Other	Not high school graduate	Domestic Partnership	U	2018	2018
demographic	ardac-p-alchepnet	demographic_65	pat_65	not reported	female	american indiana or alaska native	Alive	97	NOS	NOS	Missing	11730	Liver Disease - Other	Not high school graduate	Never Married	U	1942	2049
demographic	ardac-p-alchepnet	demographic_66	pat_66	Unknown	unknown	other	Unknown	29	Toxicity	Spinal Muscular Atrophy	Missing	25524	Other	Some college or associate degree	Divorced	M	1982	2033
demographic	ardac-p-alchepnet	demographic_67	pat_67	not reported	female	white	Not Reported	22	Surgical Complications	Infection	Yes	4269	Unknown	Bachelor's Degree	Separated	UNDIFFERENTIATED	2022	2015
demographic	ardac-p-alchepnet	demographic_68	pat_68	not hispanic or latino	unknown	american indiana or alaska native	Not Reported	50	Toxicity	Not Cancer Related	Not sure	10832	Liver Disease - Other	Bachelor's Degree	Domestic Partnership	F	1988	1931
demographic	ardac-p-alchepnet	demographic_69	pat_69	not allowed to collect	male	white	Alive	38	Not Cancer Related	Cardiovascular Disorder	No	27084	Other	Master's Degree	Married	UNDIFFERENTIATED	1988	2017
demographic	ardac-p-alchepnet	demographic_70	pat_70	not allowed to collect	not reported	native hawaiian or other pacific islander	Unknown	69	Toxicity	Not Cancer Related	Missing	22368	Unknown	Grade School	Divorced	UNDIFFERENTIATED	1951	2027
demographic	ardac-p-alchepnet	demographic_71	pat_71	not hispanic or latino	unknown	other	Alive	71	Not Reported	Not Cancer Related	Missing	3056	Gastric Variceal Bleeding	Graduate or professional degree	Widowed	UNDIFFERENTIATED	2003	2014
demographic	ardac-p-alchepnet	demographic_72	pat_72	not hispanic or latino	not reported	Unknown	Unknown	74	Cardiovascular Disorder	Spinal Muscular Atrophy	Not sure	14285	Esophageal Variceal Bleed	No formal education	Widowed	UNDIFFERENTIATED	1937	1959
demographic	ardac-p-alchepnet	demographic_73	pat_73	not reported	female	asian	Unknown	60	Toxicity	Spinal Muscular Atrophy	No	33844	Esophageal Variceal Bleed	Doctoral degree or professional degree	Married	F	1985	1936
demographic	ardac-p-alchepnet	demographic_74	pat_74	not allowed to collect	unspecified	black or african american	Unknown	61	Not Cancer Related	Infection	Not sure	31771	Liver Disease - Other	Graduate or professional degree	Widowed	UNDIFFERENTIATED	1949	2013
demographic	ardac-p-alchepnet	demographic_75	pat_75	not allowed to collect	not reported	white	Unknown	100	Kidney Disease	Spinal Muscular Atrophy	Not sure	9348	Liver Disease - Other	Some training after high school	Married	F	1959	1932
demographic	ardac-p-alchepnet	demographic_76	pat_76	not allowed to collect	male	american indiana or alaska native	Unknown	36	NOS	NOS	No	5283	Sepsis	No formal education	Never Married	F	1993	2020
demographic	ardac-p-alchepnet	demographic_77	pat_77	not reported	unspecified	other	Not Reported	57	Not Reported	Infection	No	5670	Spontaneous Bacterial Peritonitis	Master's Degree	Domestic Partnership	M	1939	1966
demographic	ardac-p-alchepnet	demographic_78	pat_78	not hispanic or latino	male	not allowed to contact	Unknown	78	NOS	Unknown	Missing	62	Sepsis	Grade School	Domestic Partnership	UNDIFFERENTIATED	1924	2016
demographic	ardac-p-alchepnet	demographic_79	pat_79	hispanic or latino	not reported	native hawaiian or other pacific islander	Unknown	86	Toxicity	NOS	No	9025	Other	Data not available	Separated	U	2010	1943
demographic	ardac-p-alchepnet	demographic_80	pat_80	not hispanic or latino	female	black or african american	Unknown	49	Unknown	Spinal Muscular Atrophy	Yes	3842	Liver Disease - Other	Graduate or professional degree	Domestic Partnership	F	1951	1962
demographic	ardac-p-alchepnet	demographic_81	pat_81	not reported	not reported	asian	Alive	31	Spinal Muscular Atrophy	End-stage Renal Disease	Yes	34017	Gastric Variceal Bleeding	Not high school graduate	Never Married	M	1960	1941
demographic	ardac-p-alchepnet	demographic_82	pat_82	Unknown	female	other	Unknown	98	End-stage Renal Disease	End-stage Renal Disease	Yes	8800	Esophageal Variceal Bleed	High school graduate (including equivalency)	Widowed	U	1950	1939
demographic	ardac-p-alchepnet	demographic_83	pat_83	not allowed to collect	male	not reported	Unknown	3	Cardiovascular Disorder	Infection	Yes	34713	Unknown	Master's Degree	Domestic Partnership	F	1942	1984
demographic	ardac-p-alchepnet	demographic_84	pat_84	not hispanic or latino	not reported	asian	Unknown	87	End-stage Renal Disease	Infection	Missing	25063	Liver Disease - Other	Grade School	Separated	M	2018	1984
demographic	ardac-p-alchepnet	demographic_85	pat_85	Unknown	female	white	Unknown	32	Spinal Muscular Atrophy	Not Cancer Related	Missing	1097	Gastric Variceal Bleeding	Data not available	Separated	F	1982	2041
demographic	ardac-p-alchepnet	demographic_86	pat_86	hispanic or latino	unspecified	Unknown	Unknown	85	Kidney Disease	Infection	Missing	21509	Unknown	High school graduate (including equivalency)	Divorced	UNDIFFERENTIATED	1938	2029
demographic	ardac-p-alchepnet	demographic_87	pat_87	not hispanic or latino	unknown	asian	Dead	68	Toxicity	Not Cancer Related	Not sure	13762	Sepsis	Data not available	Divorced	U	1969	2033
demographic	ardac-p-alchepnet	demographic_88	pat_88	not allowed to collect	unspecified	white	Not Reported	28	Not Reported	Spinal Muscular Atrophy	No	26737	Esophageal Variceal Bleed	Some training after high school	Separated	U	1923	1969
demographic	ardac-p-alchepnet	demographic_89	pat_89	not allowed to collect	female	black or african american	Unknown	66	Not Reported	End-stage Renal Disease	No	13114	Unknown	Some college or associate degree	Never Married	F	1993	2007
demographic	ardac-p-alchepnet	demographic_90	pat_90	hispanic or latino	not reported	native hawaiian or other pacific islander	Unknown	79	Kidney Disease	NOS	Yes	3725	Sepsis	Bachelor's Degree	Domestic Partnership	U	1972	2043
demographic	ardac-p-alchepnet	demographic_91	pat_91	not allowed to collect	unspecified	american indiana or alaska native	Not Reported	9	Infection	Toxicity	Not sure	2956	Sepsis	Grade School	Domestic Partnership	F	1927	2026
demographic	ardac-p-alchepnet	demographic_92	pat_92	hispanic or latino	female	not allowed to contact	Not Reported	1	End-stage Renal Disease	Not Cancer Related	No	35301	Spontaneous Bacterial Peritonitis	Some college or associate degree	Divorced	UNDIFFERENTIATED	1935	2006
demographic	ardac-p-alchepnet	demographic_93	pat_93	Unknown	unknown	other	Alive	6	Surgical Complications	Spinal Muscular Atrophy	Missing	2529	Liver Disease - Other	Doctoral degree or professional degree	Separated	F	2022	1976
demographic	ardac-p-alchepnet	demographic_94	pat_94	Unknown	not reported	black or african american	Unknown	48	Spinal Muscular Atrophy	Unknown	Missing	16712	Sepsis	Data not available	Domestic Partnership	F	1951	1994
demographic	ardac-p-alchepnet	demographic_95	pat_95	not reported	unknown	native hawaiian or other pacific islander	Dead	80	Surgical Complications	Toxicity	Missing	28854	Other	Grade School	Widowed	UNDIFFERENTIATED	1986	1969
demographic	ardac-p-alchepnet	demographic_96	pat_96	Unknown	female	other	Alive	49	Kidney Disease	Kidney Disease	Not sure	9514	Spontaneous Bacterial Peritonitis	No formal education	Divorced	F	1998	1938
demographic	ardac-p-alchepnet	demographic_97	pat_97	not hispanic or latino	male	not reported	Not Reported	12	NOS	Cardiovascular Disorder	Not sure	689	Sepsis	High school graduate (including equivalency)	Separated	U	1996	1945
demographic	ardac-p-alchepnet	demographic_98	pat_98	not reported	male	american indiana or alaska native	Not Reported	31	Infection	Surgical Complications	Not sure	27015	Gastric Variceal Bleeding	High school graduate (including equivalency)	Never Married	F	1994	1947
demographic	ardac-p-alchepnet	demographic_99	pat_99	Unknown	female	black or african american	Alive	40	Cardiovascular Disorder	Infection	Not sure	21571	Esophageal Variceal Bleed	Bachelor's Degree	Married	U	1928	1995
demographic	ardac-p-alchepnet	demographic_100	pat_100	hispanic or latino	female	other	Alive	36	End-stage Renal Disease	Infection	Not sure	26446	Liver Disease - Other	Some college or associate degree	Widowed	U	1947	1954