*type	project_id	*submitter_id	*follow_ups.submitter_id	sample_collection	visit_date	sample_type	sample_date_time	days_to_collection	sample_fast	sample_fast_hours	sample_number_of_tubes	total_cell_count	sample_home_collection_kit	preservation_method	time_between_collection_and_freezing	sample_transportation_method_ice	days_to_receive_sample	sample_exception	sample_exception_clotted	sample_exception_contaminated	sample_exception_damaged	sample_exception_hemolyzed	sample_exception_hemorrhagic	sample_exception_late_processing_8H	sample_exception_late_processing_24H	sample_exception_lipemic	sample_exception_necrotic	sample_exception_insufficient_quantity	sample_exception_thawed
sample	ardac-p-alchepnet	sample_1	follow_up_1	No	2009-03-10 17:21:04		2011-03-15 02:32:18	323	Yes	18	4	93	No	Unknown	9	No	258	No	No	N/A	Yes	No	No	No	N/A	Yes	Yes	Yes	N/A
sample	ardac-p-alchepnet	sample_2	follow_up_2	Yes	2018-09-23 23:28:35	Urine	2020-07-18 00:58:32	217	Yes	14	1	12	Yes	Frozen	14	Yes	225	No	Yes	Yes	No	Yes	Yes	N/A	No	No	N/A	No	Yes
sample	ardac-p-alchepnet	sample_3	follow_up_3	No	2009-05-16 06:00:16		2021-09-17 06:38:48	201	Yes	4	1	26	Yes	Frozen	2	Yes	142	Yes	N/A	N/A	No	No	No	N/A	Yes	No	No	No	No
sample	ardac-p-alchepnet	sample_4	follow_up_4	No	2017-02-03 05:56:16		2020-10-26 21:08:44	279	No	5	2	60	Yes	Unknown	18	Yes	345	No	N/A	N/A	No	No	No	Yes	No	Yes	N/A	Yes	N/A
sample	ardac-p-alchepnet	sample_5	follow_up_5	No	2021-05-10 11:04:02		2021-07-26 22:36:36	259	Yes	14	8	71	Yes	Not Reported	21	No	174	No	No	No	Yes	N/A	N/A	N/A	N/A	N/A	N/A	No	No
sample	ardac-p-alchepnet	sample_6	follow_up_6	No	2004-10-31 03:53:09		2007-11-16 04:10:02	218	Yes	23	11	97	Yes	Frozen	16	No	20	Yes	N/A	No	No	No	N/A	N/A	Yes	No	No	N/A	N/A
sample	ardac-p-alchepnet	sample_7	follow_up_7	No	2016-09-19 04:01:41		2019-09-01 17:38:06	265	No	2	2	34	No	Unknown	16	Yes	241	Yes	Yes	Yes	N/A	No	No	No	Yes	N/A	No	N/A	No
sample	ardac-p-alchepnet	sample_8	follow_up_8	Yes	2003-02-12 12:31:58	Stool	2015-04-13 06:52:19	77	No	3	5	24	Yes	Frozen	12	Yes	40	No	No	N/A	Yes	Yes	Yes	N/A	Yes	N/A	Yes	Yes	N/A
sample	ardac-p-alchepnet	sample_9	follow_up_9	No	2001-11-14 11:44:52		2001-12-26 17:15:28	21	Yes	16	7	42	No	Not Reported	18	Yes	59	Yes	No	N/A	Yes	N/A	No	No	No	Yes	Yes	No	No
sample	ardac-p-alchepnet	sample_10	follow_up_10	No	2006-02-14 16:30:45		2019-05-20 14:50:52	294	Yes	4	11	99	No	Not Reported	13	Yes	223	Yes	N/A	N/A	No	Yes	No	N/A	Yes	No	N/A	N/A	N/A
sample	ardac-p-alchepnet	sample_11	follow_up_11	No	2007-12-10 19:00:31		2016-09-19 17:50:40	57	Yes	11	3	4	No	Not Reported	19	No	199	Yes	Yes	Yes	No	No	N/A	N/A	Yes	N/A	No	Yes	Yes
sample	ardac-p-alchepnet	sample_12	follow_up_12	Yes	2014-02-09 20:35:07	Peripheral Blood Mononuclear Cells	2016-08-31 00:41:12	38	No	9	11	67	Yes	Not Reported	24	Yes	275	No	N/A	N/A	No	Yes	Yes	Yes	No	No	No	No	N/A
sample	ardac-p-alchepnet	sample_13	follow_up_13	Yes	2011-01-22 17:50:15	Urine	2011-04-17 19:51:17	337	No	21	3	26	Yes	Frozen	1	No	310	No	Yes	N/A	Yes	No	No	Yes	No	Yes	Yes	N/A	N/A
sample	ardac-p-alchepnet	sample_14	follow_up_14	Yes	2018-06-19 03:19:07	Blood Derived Normal - HCl/Neat Plasma	2021-01-09 05:13:18	339	Yes	13	9	48	Yes	Unknown	4	No	293	No	Yes	No	Yes	No	No	N/A	Yes	N/A	No	Yes	Yes
sample	ardac-p-alchepnet	sample_15	follow_up_15	Yes	2018-11-29 02:34:28	Stool	2019-04-04 20:42:59	364	No	16	1	53	No	Unknown	23	No	278	No	No	N/A	No	No	N/A	No	N/A	No	No	No	No
sample	ardac-p-alchepnet	sample_16	follow_up_16	No	2002-09-26 16:16:01		2010-01-13 19:08:27	240	No	21	1	60	Yes	Not Reported	12	No	220	No	No	No	Yes	N/A	Yes	N/A	N/A	No	Yes	N/A	No
sample	ardac-p-alchepnet	sample_17	follow_up_17	No	2021-06-02 23:34:12		2021-10-11 11:23:58	161	Yes	24	5	84	Yes	Not Reported	23	No	100	No	N/A	Yes	No	N/A	No	Yes	Yes	Yes	Yes	Yes	No
sample	ardac-p-alchepnet	sample_18	follow_up_18	No	2004-02-12 08:37:30		2013-11-05 15:00:15	270	Yes	10	5	65	Yes	Not Reported	17	Yes	252	No	N/A	N/A	Yes	N/A	No	N/A	No	Yes	Yes	Yes	No
sample	ardac-p-alchepnet	sample_19	follow_up_19	Yes	2011-09-19 12:45:01	Blood Derived Normal - Whole blood	2012-10-14 13:37:00	156	Yes	10	2	11	No	Not Reported	19	Yes	289	No	No	Yes	N/A	N/A	N/A	N/A	No	N/A	No	N/A	N/A
sample	ardac-p-alchepnet	sample_20	follow_up_20	No	2014-03-21 14:28:29		2020-03-11 23:04:28	248	Yes	19	6	11	No	Frozen	19	Yes	3	No	Yes	No	No	N/A	Yes	Yes	Yes	No	N/A	Yes	Yes
sample	ardac-p-alchepnet	sample_21	follow_up_21	No	2013-10-27 13:31:07		2019-10-15 18:30:24	12	No	7	9	81	Yes	Frozen	13	No	343	No	No	No	Yes	Yes	N/A	No	N/A	N/A	N/A	Yes	Yes
sample	ardac-p-alchepnet	sample_22	follow_up_22	No	2009-04-12 07:12:18		2012-04-09 12:46:37	56	Yes	14	3	65	Yes	Frozen	17	No	86	Yes	No	N/A	N/A	N/A	N/A	No	No	No	No	N/A	N/A
sample	ardac-p-alchepnet	sample_23	follow_up_23	No	2015-02-13 01:55:38		2018-01-13 08:01:52	176	No	17	3	28	No	Unknown	11	No	275	No	N/A	Yes	N/A	Yes	N/A	Yes	No	Yes	Yes	Yes	No
sample	ardac-p-alchepnet	sample_24	follow_up_24	Yes	2016-07-10 17:40:14	Peripheral Blood Mononuclear Cells	2019-08-27 06:11:27	9	Yes	19	8	55	Yes	Unknown	7	No	315	Yes	No	No	Yes	Yes	N/A	Yes	No	N/A	N/A	N/A	Yes
sample	ardac-p-alchepnet	sample_25	follow_up_25	No	2003-08-09 17:48:25		2020-06-02 00:32:02	122	Yes	6	1	46	No	Not Reported	7	Yes	203	No	No	No	No	Yes	No	N/A	N/A	N/A	N/A	Yes	N/A
sample	ardac-p-alchepnet	sample_26	follow_up_26	Yes	2016-07-03 17:47:11	Blood Derived Normal - Whole blood	2019-06-22 03:51:58	28	No	3	7	94	Yes	Unknown	1	No	292	Yes	Yes	N/A	No	N/A	No	Yes	No	Yes	Yes	Yes	No
sample	ardac-p-alchepnet	sample_27	follow_up_27	No	2011-06-28 17:30:22		2014-09-04 17:39:32	57	Yes	24	6	49	Yes	Not Reported	6	Yes	298	Yes	Yes	N/A	N/A	N/A	N/A	N/A	N/A	Yes	Yes	No	Yes
sample	ardac-p-alchepnet	sample_28	follow_up_28	Yes	2006-09-10 13:16:10	Urine	2016-12-21 11:07:58	80	Yes	6	9	37	No	Frozen	6	Yes	237	Yes	Yes	No	No	Yes	Yes	N/A	Yes	No	N/A	Yes	No
sample	ardac-p-alchepnet	sample_29	follow_up_29	No	2008-04-20 18:08:09		2011-07-29 18:21:11	171	Yes	2	4	55	No	Frozen	13	No	280	Yes	N/A	N/A	Yes	N/A	N/A	N/A	No	N/A	N/A	N/A	No
sample	ardac-p-alchepnet	sample_30	follow_up_30	No	2005-11-22 16:45:45		2013-01-31 07:06:27	256	Yes	9	7	71	Yes	Frozen	4	No	79	No	No	N/A	No	Yes	No	N/A	N/A	Yes	No	N/A	N/A
sample	ardac-p-alchepnet	sample_31	follow_up_31	Yes	2002-02-06 03:52:07	Peripheral Blood Mononuclear Cells	2010-05-20 01:46:54	114	No	4	5	76	Yes	Frozen	23	No	313	No	N/A	N/A	Yes	No	No	N/A	N/A	N/A	Yes	Yes	Yes
sample	ardac-p-alchepnet	sample_32	follow_up_32	No	2004-04-13 01:44:02		2021-05-17 19:18:32	306	No	9	9	26	No	Not Reported	8	Yes	230	No	Yes	Yes	N/A	No	Yes	Yes	Yes	No	N/A	Yes	N/A
sample	ardac-p-alchepnet	sample_33	follow_up_33	Yes	2020-09-07 23:48:15	Peripheral Blood Mononuclear Cells	2021-11-02 19:26:48	187	No	8	5	36	No	Not Reported	1	Yes	89	Yes	Yes	N/A	Yes	No	N/A	N/A	Yes	Yes	N/A	Yes	No
sample	ardac-p-alchepnet	sample_34	follow_up_34	No	2019-06-23 00:46:01		2021-09-12 15:44:50	287	Yes	18	2	14	No	Not Reported	3	No	293	Yes	Yes	N/A	Yes	Yes	N/A	No	N/A	No	No	No	N/A
sample	ardac-p-alchepnet	sample_35	follow_up_35	No	2018-08-21 19:27:05		2020-06-01 03:44:46	109	No	23	4	9	No	Frozen	6	Yes	142	No	No	Yes	No	N/A	No	N/A	Yes	N/A	Yes	N/A	Yes
sample	ardac-p-alchepnet	sample_36	follow_up_36	Yes	2017-05-09 12:54:00	Blood Derived Normal - Serum	2019-09-21 10:24:40	324	No	13	8	18	No	Not Reported	19	No	61	No	Yes	N/A	No	Yes	No	Yes	N/A	N/A	No	Yes	No
sample	ardac-p-alchepnet	sample_37	follow_up_37	Yes	2021-12-15 07:12:03	Blood Derived Normal - Whole blood	2021-12-25 22:17:19	123	Yes	6	10	66	Yes	Not Reported	17	No	212	No	Yes	Yes	Yes	Yes	No	N/A	N/A	Yes	No	N/A	N/A
sample	ardac-p-alchepnet	sample_38	follow_up_38	No	2013-07-03 07:11:04		2016-12-22 08:14:52	103	No	8	9	88	Yes	Unknown	13	No	363	No	N/A	Yes	No	No	Yes	Yes	Yes	N/A	N/A	Yes	N/A
sample	ardac-p-alchepnet	sample_39	follow_up_39	Yes	2012-11-03 10:35:07	Stool	2016-08-24 21:29:18	43	Yes	3	8	94	Yes	Not Reported	20	No	102	No	N/A	No	Yes	Yes	No	No	Yes	No	No	N/A	No
sample	ardac-p-alchepnet	sample_40	follow_up_40	Yes	2009-12-25 23:27:22	Blood Derived Normal - Whole blood	2014-02-25 10:34:05	317	Yes	21	10	40	No	Not Reported	16	Yes	38	No	N/A	No	Yes	Yes	No	Yes	Yes	No	Yes	N/A	N/A
sample	ardac-p-alchepnet	sample_41	follow_up_41	No	2000-03-14 06:35:31		2003-07-14 23:08:38	332	Yes	16	8	87	Yes	Frozen	23	Yes	28	No	Yes	Yes	Yes	No	Yes	N/A	No	Yes	N/A	No	No
sample	ardac-p-alchepnet	sample_42	follow_up_42	Yes	2018-08-28 17:09:03	Stool	2020-09-05 13:23:44	212	Yes	11	10	60	No	Unknown	20	Yes	138	Yes	No	No	N/A	No	N/A	Yes	N/A	N/A	Yes	No	No
sample	ardac-p-alchepnet	sample_43	follow_up_43	Yes	2012-06-12 08:28:03	Blood Derived Normal - HCl/Neat Plasma	2020-11-26 04:24:58	72	Yes	1	1	6	No	Unknown	13	No	357	Yes	N/A	Yes	Yes	N/A	Yes	No	No	Yes	Yes	Yes	N/A
sample	ardac-p-alchepnet	sample_44	follow_up_44	Yes	2001-09-28 14:03:17	Blood Derived Normal - Serum	2020-10-25 18:57:35	313	No	23	2	61	No	Frozen	16	No	307	Yes	No	N/A	No	No	Yes	N/A	N/A	Yes	N/A	N/A	No
sample	ardac-p-alchepnet	sample_45	follow_up_45	Yes	2020-01-06 17:11:05	Blood Derived Normal - Platelet Poor Plasma	2020-12-12 19:27:57	274	No	8	3	45	No	Frozen	15	Yes	206	No	Yes	Yes	N/A	N/A	Yes	No	No	N/A	N/A	Yes	Yes
sample	ardac-p-alchepnet	sample_46	follow_up_46	No	2003-09-06 17:21:58		2012-02-04 19:48:55	203	No	11	11	42	Yes	Unknown	5	No	21	No	No	Yes	No	N/A	Yes	Yes	Yes	N/A	No	Yes	No
sample	ardac-p-alchepnet	sample_47	follow_up_47	No	2016-02-28 02:08:07		2016-03-17 00:43:50	195	No	24	11	15	No	Not Reported	19	Yes	259	Yes	No	N/A	No	Yes	Yes	No	N/A	Yes	Yes	N/A	N/A
sample	ardac-p-alchepnet	sample_48	follow_up_48	Yes	2015-10-01 04:44:16	Blood Derived Normal - Serum	2016-09-01 14:51:06	87	No	8	5	15	No	Not Reported	2	Yes	359	Yes	Yes	N/A	N/A	No	N/A	Yes	Yes	N/A	Yes	N/A	No
sample	ardac-p-alchepnet	sample_49	follow_up_49	Yes	2006-05-16 20:17:19	Saliva	2011-01-23 05:05:09	176	No	17	5	18	Yes	Unknown	12	Yes	327	No	No	No	Yes	No	No	N/A	Yes	No	N/A	No	Yes
sample	ardac-p-alchepnet	sample_50	follow_up_50	No	2008-02-05 15:35:30		2015-11-05 18:15:15	74	No	5	6	82	Yes	Unknown	22	No	113	No	N/A	No	No	No	N/A	N/A	N/A	No	No	N/A	N/A
sample	ardac-p-alchepnet	sample_51	follow_up_51	Yes	2015-09-20 13:14:05	Blood Derived Normal - Whole blood	2020-07-07 03:39:24	255	Yes	5	5	9	Yes	Unknown	8	Yes	67	Yes	No	Yes	N/A	No	N/A	No	N/A	N/A	N/A	N/A	N/A
sample	ardac-p-alchepnet	sample_52	follow_up_52	No	2016-12-29 05:00:58		2019-09-04 18:11:16	292	No	20	4	84	Yes	Frozen	5	No	229	No	No	N/A	N/A	N/A	Yes	N/A	No	N/A	No	No	N/A
sample	ardac-p-alchepnet	sample_53	follow_up_53	Yes	2019-04-18 23:16:59	Blood Derived Normal - Platelet Poor Plasma	2020-07-14 21:29:48	237	No	5	4	97	Yes	Frozen	4	No	306	Yes	Yes	Yes	No	N/A	N/A	No	No	Yes	N/A	N/A	N/A
sample	ardac-p-alchepnet	sample_54	follow_up_54	No	2007-08-04 11:42:31		2012-12-13 20:06:25	90	Yes	10	2	66	Yes	Unknown	14	No	37	No	No	Yes	Yes	No	No	Yes	N/A	No	Yes	No	No
sample	ardac-p-alchepnet	sample_55	follow_up_55	Yes	2014-02-18 05:04:32	Blood Derived Normal - HCl/Neat Plasma	2018-09-20 07:46:56	317	Yes	3	10	66	Yes	Not Reported	10	No	330	Yes	N/A	Yes	No	Yes	Yes	Yes	Yes	Yes	N/A	Yes	No
sample	ardac-p-alchepnet	sample_56	follow_up_56	No	2004-12-24 09:31:46		2006-03-25 01:26:55	65	No	19	3	27	No	Frozen	19	No	345	No	N/A	No	Yes	Yes	N/A	No	N/A	Yes	No	N/A	Yes
sample	ardac-p-alchepnet	sample_57	follow_up_57	Yes	2007-12-14 22:44:25	Urine	2008-08-10 11:05:51	207	No	13	7	33	No	Not Reported	14	No	286	No	Yes	Yes	Yes	N/A	No	Yes	Yes	Yes	No	Yes	No
sample	ardac-p-alchepnet	sample_58	follow_up_58	Yes	2000-09-18 02:04:56	Blood Derived Normal - Platelet Poor Plasma	2003-11-26 08:10:54	190	Yes	13	7	50	Yes	Frozen	2	No	318	No	No	N/A	N/A	N/A	N/A	No	N/A	N/A	N/A	No	Yes
sample	ardac-p-alchepnet	sample_59	follow_up_59	Yes	2021-01-24 12:34:46	Saliva	2021-09-11 21:23:27	138	Yes	18	1	92	No	Not Reported	20	No	206	No	No	Yes	Yes	Yes	Yes	Yes	No	N/A	Yes	No	Yes
sample	ardac-p-alchepnet	sample_60	follow_up_60	No	2004-02-19 05:47:43		2014-04-25 11:34:59	270	No	3	4	51	Yes	Unknown	9	Yes	118	Yes	N/A	Yes	N/A	Yes	Yes	No	No	N/A	N/A	Yes	N/A
sample	ardac-p-alchepnet	sample_61	follow_up_61	No	2014-06-06 07:35:32		2021-01-10 23:16:35	233	No	14	7	61	No	Unknown	8	Yes	85	No	N/A	Yes	No	No	Yes	Yes	Yes	No	Yes	Yes	No
sample	ardac-p-alchepnet	sample_62	follow_up_62	No	2009-01-05 03:44:29		2015-02-17 08:45:10	302	No	14	4	24	No	Not Reported	18	No	14	Yes	Yes	No	N/A	No	No	No	Yes	No	Yes	Yes	N/A
sample	ardac-p-alchepnet	sample_63	follow_up_63	Yes	2021-12-18 16:31:48	Anakinra	2021-12-29 16:19:23	153	No	10	3	6	Yes	Not Reported	1	No	76	Yes	No	No	N/A	Yes	N/A	N/A	Yes	Yes	No	N/A	No
sample	ardac-p-alchepnet	sample_64	follow_up_64	No	2018-10-06 16:15:42		2019-05-22 19:15:40	212	No	15	3	40	No	Not Reported	4	Yes	115	No	Yes	No	No	N/A	No	Yes	N/A	No	Yes	Yes	No
sample	ardac-p-alchepnet	sample_65	follow_up_65	No	2005-03-11 21:09:10		2006-05-05 01:37:07	50	Yes	24	10	45	Yes	Not Reported	10	No	55	No	Yes	Yes	Yes	N/A	No	Yes	N/A	Yes	N/A	N/A	N/A
sample	ardac-p-alchepnet	sample_66	follow_up_66	No	2003-06-20 10:27:46		2014-09-19 18:28:12	88	No	24	2	97	Yes	Unknown	6	No	33	No	N/A	Yes	N/A	N/A	N/A	N/A	N/A	N/A	N/A	N/A	Yes
sample	ardac-p-alchepnet	sample_67	follow_up_67	No	2006-08-06 02:09:47		2014-01-07 07:21:10	59	Yes	22	6	31	Yes	Frozen	3	Yes	270	Yes	Yes	No	N/A	Yes	Yes	Yes	N/A	N/A	Yes	No	Yes
sample	ardac-p-alchepnet	sample_68	follow_up_68	No	2001-03-21 01:26:40		2021-04-13 08:07:35	130	Yes	18	8	14	No	Frozen	6	No	323	Yes	No	No	Yes	N/A	Yes	Yes	No	Yes	No	Yes	No
sample	ardac-p-alchepnet	sample_69	follow_up_69	Yes	2009-10-29 22:23:45	Peripheral Blood Mononuclear Cells	2015-05-24 14:09:23	144	Yes	20	2	71	Yes	Frozen	14	No	175	No	No	N/A	No	No	Yes	No	N/A	Yes	N/A	Yes	No
sample	ardac-p-alchepnet	sample_70	follow_up_70	No	2017-04-08 19:36:51		2017-08-27 23:38:50	350	Yes	6	7	87	Yes	Unknown	3	Yes	71	Yes	Yes	N/A	N/A	No	Yes	Yes	N/A	No	N/A	No	No
sample	ardac-p-alchepnet	sample_71	follow_up_71	No	2016-02-16 09:08:56		2018-08-04 13:25:42	330	No	9	4	56	Yes	Unknown	15	No	239	Yes	Yes	No	No	No	N/A	Yes	N/A	No	N/A	No	Yes
sample	ardac-p-alchepnet	sample_72	follow_up_72	No	2000-04-08 18:25:53		2002-03-04 14:43:00	105	Yes	19	1	55	No	Frozen	5	Yes	223	No	N/A	N/A	No	Yes	Yes	Yes	Yes	N/A	Yes	Yes	N/A
sample	ardac-p-alchepnet	sample_73	follow_up_73	No	2010-11-06 01:11:38		2013-08-30 18:30:37	83	No	16	8	37	Yes	Unknown	22	Yes	350	Yes	Yes	N/A	Yes	Yes	No	No	N/A	Yes	N/A	Yes	N/A
sample	ardac-p-alchepnet	sample_74	follow_up_74	No	2006-04-02 15:05:52		2020-03-18 20:58:11	29	Yes	14	9	7	Yes	Frozen	23	No	138	No	No	Yes	N/A	No	Yes	No	No	No	Yes	N/A	No
sample	ardac-p-alchepnet	sample_75	follow_up_75	No	2003-12-29 06:32:02		2017-03-11 07:06:16	290	Yes	11	9	88	No	Frozen	7	Yes	55	Yes	No	Yes	N/A	No	No	No	Yes	Yes	No	No	Yes
sample	ardac-p-alchepnet	sample_76	follow_up_76	No	2016-05-22 18:54:32		2017-01-28 05:57:43	33	Yes	18	9	25	No	Not Reported	21	No	326	No	Yes	No	Yes	N/A	N/A	No	Yes	N/A	No	N/A	Yes
sample	ardac-p-alchepnet	sample_77	follow_up_77	Yes	2011-04-30 01:23:33	Anakinra	2012-08-13 18:40:26	254	Yes	2	6	69	No	Unknown	14	Yes	300	No	No	No	No	No	N/A	N/A	No	Yes	N/A	N/A	No
sample	ardac-p-alchepnet	sample_78	follow_up_78	Yes	2004-12-16 16:33:39	Blood Derived Normal - Whole blood	2019-10-06 01:05:10	114	No	22	10	99	Yes	Frozen	11	Yes	30	Yes	Yes	No	N/A	No	Yes	N/A	Yes	N/A	Yes	No	No
sample	ardac-p-alchepnet	sample_79	follow_up_79	No	2004-02-19 13:15:30		2016-05-06 10:30:38	150	No	15	5	4	No	Unknown	10	No	116	Yes	N/A	Yes	N/A	Yes	No	No	No	No	Yes	Yes	N/A
sample	ardac-p-alchepnet	sample_80	follow_up_80	No	2006-05-20 01:12:27		2017-08-10 06:14:11	200	No	14	1	70	Yes	Frozen	6	No	15	No	N/A	Yes	Yes	Yes	No	No	Yes	Yes	N/A	Yes	N/A
sample	ardac-p-alchepnet	sample_81	follow_up_81	No	2010-06-14 21:35:37		2019-01-23 07:01:20	329	Yes	24	1	82	No	Frozen	1	Yes	66	No	Yes	Yes	Yes	No	No	Yes	No	N/A	Yes	Yes	Yes
sample	ardac-p-alchepnet	sample_82	follow_up_82	No	2021-06-06 10:22:25		2021-10-30 13:33:18	66	Yes	9	11	47	Yes	Not Reported	12	No	276	Yes	No	N/A	Yes	N/A	Yes	No	Yes	Yes	No	Yes	N/A
sample	ardac-p-alchepnet	sample_83	follow_up_83	No	2013-07-25 18:49:22		2015-05-30 17:42:09	244	Yes	21	11	98	No	Unknown	3	No	199	Yes	Yes	N/A	N/A	N/A	N/A	No	No	N/A	N/A	Yes	No
sample	ardac-p-alchepnet	sample_84	follow_up_84	No	2003-09-03 14:46:42		2016-04-10 16:46:20	188	Yes	19	2	2	No	Unknown	12	Yes	137	No	Yes	Yes	No	No	Yes	No	No	Yes	N/A	No	N/A
sample	ardac-p-alchepnet	sample_85	follow_up_85	No	2008-11-08 23:42:32		2009-02-22 14:38:42	339	No	15	2	92	Yes	Frozen	23	No	355	No	N/A	N/A	No	Yes	N/A	Yes	Yes	Yes	N/A	No	Yes
sample	ardac-p-alchepnet	sample_86	follow_up_86	No	2010-05-30 00:03:05		2014-03-24 21:41:18	68	No	1	2	4	Yes	Unknown	7	Yes	244	No	Yes	No	N/A	No	No	No	Yes	Yes	No	Yes	N/A
sample	ardac-p-alchepnet	sample_87	follow_up_87	No	2015-10-27 10:51:50		2017-11-10 22:40:32	304	No	3	5	25	Yes	Frozen	11	Yes	204	No	N/A	N/A	No	No	N/A	N/A	Yes	N/A	Yes	No	No
sample	ardac-p-alchepnet	sample_88	follow_up_88	No	2012-12-30 01:13:06		2018-07-12 19:01:02	116	Yes	12	8	72	Yes	Frozen	11	Yes	131	No	Yes	N/A	Yes	Yes	Yes	N/A	N/A	No	No	No	No
sample	ardac-p-alchepnet	sample_89	follow_up_89	No	2003-04-29 12:20:11		2011-01-23 09:07:35	46	No	10	6	60	Yes	Not Reported	1	No	154	Yes	Yes	No	N/A	Yes	No	N/A	N/A	No	No	Yes	No
sample	ardac-p-alchepnet	sample_90	follow_up_90	No	2003-10-23 14:22:50		2016-01-14 09:18:12	251	No	13	1	75	No	Unknown	19	Yes	256	No	No	Yes	Yes	Yes	No	Yes	Yes	No	No	Yes	Yes
sample	ardac-p-alchepnet	sample_91	follow_up_91	Yes	2011-04-09 17:40:11	Blood Derived Normal - Platelet Poor Plasma	2018-07-18 16:44:08	323	No	12	4	81	Yes	Not Reported	13	No	176	No	Yes	Yes	No	Yes	N/A	No	No	Yes	No	N/A	Yes
sample	ardac-p-alchepnet	sample_92	follow_up_92	No	2003-11-22 08:45:00		2009-08-23 01:18:09	159	No	4	11	68	No	Unknown	15	Yes	234	Yes	Yes	No	No	Yes	No	Yes	Yes	N/A	N/A	N/A	Yes
sample	ardac-p-alchepnet	sample_93	follow_up_93	Yes	2005-08-28 03:54:28	Blood Derived Normal	2021-11-04 20:12:45	130	No	3	3	26	No	Frozen	6	Yes	49	No	No	No	Yes	N/A	Yes	No	No	N/A	No	No	Yes
sample	ardac-p-alchepnet	sample_94	follow_up_94	Yes	2015-09-25 22:14:48	Blood Derived Normal - Platelet Poor Plasma	2018-04-20 08:58:58	180	Yes	21	3	11	Yes	Frozen	19	Yes	189	No	N/A	N/A	Yes	Yes	No	N/A	No	No	No	N/A	N/A
sample	ardac-p-alchepnet	sample_95	follow_up_95	Yes	2014-09-13 07:52:57	Blood Derived Normal - Serum	2018-06-25 01:09:09	310	Yes	15	11	32	No	Unknown	5	Yes	236	No	Yes	Yes	Yes	No	No	N/A	No	No	N/A	Yes	Yes
sample	ardac-p-alchepnet	sample_96	follow_up_96	No	2013-09-05 11:00:32		2018-08-10 05:13:47	338	No	13	4	51	No	Unknown	20	No	208	No	No	N/A	N/A	No	No	N/A	N/A	Yes	Yes	Yes	N/A
sample	ardac-p-alchepnet	sample_97	follow_up_97	No	2018-03-26 02:55:01		2020-12-15 14:29:25	132	Yes	22	9	35	Yes	Unknown	4	No	28	Yes	N/A	N/A	No	Yes	No	No	N/A	No	Yes	No	No
sample	ardac-p-alchepnet	sample_98	follow_up_98	Yes	2002-02-17 09:14:21	Blood Derived Normal	2006-05-01 01:06:33	127	Yes	6	6	99	No	Not Reported	3	No	68	No	No	N/A	N/A	No	Yes	N/A	Yes	No	N/A	N/A	Yes
sample	ardac-p-alchepnet	sample_99	follow_up_99	Yes	2004-10-13 14:16:30	Stool	2013-04-21 18:20:06	243	No	10	3	36	Yes	Frozen	21	Yes	296	No	Yes	N/A	Yes	N/A	No	No	No	No	Yes	Yes	N/A
sample	ardac-p-alchepnet	sample_100	follow_up_100	No	2001-11-07 14:36:48		2021-06-21 09:08:12	131	Yes	4	10	93	No	Not Reported	16	No	51	No	N/A	N/A	No	No	Yes	Yes	N/A	No	N/A	N/A	Yes
sample	ardac-p-alchepnet	sample_101	follow_up_101	Yes	2003-11-12 00:00:11	Blood Derived Normal - Whole blood	2014-07-17 06:40:59	353	Yes	13	11	94	No	Frozen	12	Yes	24	No	N/A	No	No	N/A	N/A	Yes	N/A	No	N/A	No	No
sample	ardac-p-alchepnet	sample_102	follow_up_102	No	2004-01-04 14:15:21		2013-08-08 14:05:26	241	No	12	6	31	No	Frozen	18	Yes	251	No	N/A	N/A	N/A	No	N/A	No	N/A	N/A	No	No	No
sample	ardac-p-alchepnet	sample_103	follow_up_103	No	2009-02-24 05:28:49		2020-01-18 06:47:43	319	No	14	5	61	No	Not Reported	20	Yes	153	No	No	Yes	N/A	No	No	Yes	Yes	N/A	No	N/A	Yes
sample	ardac-p-alchepnet	sample_104	follow_up_104	Yes	2014-05-22 17:26:42	Blood Derived Normal - HCl/Neat Plasma	2018-12-21 02:13:21	265	No	14	9	9	No	Not Reported	21	Yes	69	Yes	No	N/A	No	No	N/A	N/A	Yes	No	Yes	No	N/A
sample	ardac-p-alchepnet	sample_105	follow_up_105	No	2003-01-23 13:23:11		2012-07-19 22:25:49	322	No	19	11	39	Yes	Not Reported	5	Yes	248	Yes	Yes	No	N/A	Yes	No	N/A	Yes	N/A	Yes	N/A	No
sample	ardac-p-alchepnet	sample_106	follow_up_106	No	2008-11-26 06:32:52		2017-10-04 17:41:54	166	No	8	11	96	Yes	Not Reported	9	No	231	Yes	N/A	N/A	No	Yes	Yes	No	Yes	N/A	No	No	Yes
sample	ardac-p-alchepnet	sample_107	follow_up_107	No	2009-03-22 10:02:03		2019-11-07 11:52:27	208	Yes	2	5	17	No	Unknown	11	Yes	73	No	N/A	No	Yes	No	Yes	Yes	Yes	Yes	Yes	No	No
sample	ardac-p-alchepnet	sample_108	follow_up_108	Yes	2010-04-03 20:45:44	Stool	2017-12-23 12:56:27	340	Yes	1	7	11	Yes	Frozen	7	No	96	Yes	No	No	Yes	N/A	N/A	Yes	No	Yes	Yes	Yes	Yes
sample	ardac-p-alchepnet	sample_109	follow_up_109	No	2010-02-05 13:26:32		2021-05-08 10:39:46	334	No	6	2	41	No	Frozen	9	No	268	No	No	No	Yes	N/A	N/A	N/A	No	N/A	Yes	Yes	No
sample	ardac-p-alchepnet	sample_110	follow_up_110	No	2010-03-20 06:01:48		2014-05-20 11:14:06	236	Yes	13	10	86	No	Not Reported	23	No	230	Yes	Yes	No	Yes	N/A	Yes	Yes	No	No	No	N/A	No
sample	ardac-p-alchepnet	sample_111	follow_up_111	No	2012-10-06 18:59:53		2021-09-01 03:59:28	320	Yes	5	1	60	No	Unknown	23	Yes	348	Yes	Yes	No	No	No	Yes	No	N/A	Yes	No	N/A	N/A
sample	ardac-p-alchepnet	sample_112	follow_up_112	Yes	2012-10-11 06:36:31	Peripheral Blood Mononuclear Cells	2020-08-14 12:06:30	100	Yes	9	8	41	No	Frozen	23	Yes	300	Yes	N/A	No	N/A	N/A	N/A	N/A	No	Yes	Yes	No	Yes
sample	ardac-p-alchepnet	sample_113	follow_up_113	Yes	2008-09-20 09:38:32	Blood Derived Normal - Serum	2015-11-28 07:11:30	252	Yes	19	3	55	Yes	Not Reported	2	No	336	Yes	Yes	Yes	No	Yes	No	N/A	No	Yes	N/A	N/A	Yes
sample	ardac-p-alchepnet	sample_114	follow_up_114	Yes	2008-08-26 19:08:33	Blood Derived Normal - Platelet Poor Plasma	2018-09-12 12:29:24	68	No	14	1	43	No	Unknown	15	Yes	184	Yes	No	N/A	No	N/A	No	N/A	Yes	No	Yes	N/A	No
sample	ardac-p-alchepnet	sample_115	follow_up_115	Yes	2008-11-02 13:10:08	Stool	2014-04-27 03:58:57	7	Yes	10	4	32	Yes	Frozen	1	No	50	No	No	No	N/A	N/A	No	Yes	No	N/A	N/A	N/A	N/A
sample	ardac-p-alchepnet	sample_116	follow_up_116	No	2011-02-18 22:29:43		2013-04-16 03:45:40	300	No	11	9	93	No	Frozen	21	Yes	5	No	No	Yes	N/A	Yes	N/A	Yes	Yes	Yes	Yes	No	No
sample	ardac-p-alchepnet	sample_117	follow_up_117	No	2014-10-30 00:43:02		2021-12-19 13:45:43	213	Yes	12	2	45	Yes	Not Reported	11	No	58	Yes	Yes	Yes	No	No	Yes	Yes	Yes	Yes	N/A	No	No
sample	ardac-p-alchepnet	sample_118	follow_up_118	No	2002-08-19 16:10:23		2006-09-01 10:40:44	218	Yes	17	10	8	No	Unknown	24	Yes	39	No	Yes	Yes	N/A	No	N/A	Yes	N/A	No	Yes	Yes	Yes
sample	ardac-p-alchepnet	sample_119	follow_up_119	No	2007-09-23 19:40:38		2013-08-05 13:31:21	107	No	16	6	70	Yes	Not Reported	8	Yes	43	Yes	No	Yes	N/A	N/A	N/A	No	No	N/A	Yes	Yes	Yes
sample	ardac-p-alchepnet	sample_120	follow_up_120	Yes	2012-02-20 01:52:27	Blood Derived Normal - HCl/Neat Plasma	2015-02-15 10:56:38	205	Yes	13	5	53	Yes	Unknown	5	No	101	Yes	Yes	N/A	No	Yes	N/A	N/A	N/A	Yes	N/A	No	No
sample	ardac-p-alchepnet	sample_121	follow_up_121	No	2019-09-14 00:03:31		2020-01-05 13:26:26	25	No	17	10	62	No	Frozen	24	Yes	77	Yes	No	Yes	No	N/A	N/A	Yes	Yes	No	No	N/A	No
sample	ardac-p-alchepnet	sample_122	follow_up_122	Yes	2021-09-07 04:30:33	Blood Derived Normal - Platelet Poor Plasma	2021-10-19 23:09:01	1	No	15	2	68	No	Not Reported	10	Yes	325	Yes	No	N/A	Yes	Yes	N/A	No	Yes	N/A	Yes	Yes	N/A
sample	ardac-p-alchepnet	sample_123	follow_up_123	Yes	2013-10-08 17:53:20	Blood Derived Normal - Serum	2020-01-02 16:15:10	59	No	2	4	80	Yes	Unknown	22	No	143	No	N/A	N/A	N/A	N/A	N/A	No	N/A	N/A	No	No	No
sample	ardac-p-alchepnet	sample_124	follow_up_124	No	2000-08-25 12:04:31		2015-02-14 00:10:50	13	Yes	19	1	63	No	Not Reported	19	Yes	298	Yes	Yes	N/A	N/A	Yes	No	Yes	No	N/A	Yes	N/A	N/A
sample	ardac-p-alchepnet	sample_125	follow_up_125	Yes	2007-07-13 07:37:17	Peripheral Blood Mononuclear Cells	2008-02-13 05:55:43	171	Yes	4	7	17	No	Frozen	22	No	76	Yes	Yes	Yes	N/A	No	Yes	Yes	Yes	Yes	N/A	No	No
sample	ardac-p-alchepnet	sample_126	follow_up_126	No	2005-04-16 15:43:47		2018-11-01 11:52:17	17	Yes	20	10	6	Yes	Not Reported	19	Yes	13	Yes	No	No	No	No	No	No	No	Yes	No	Yes	N/A
sample	ardac-p-alchepnet	sample_127	follow_up_127	Yes	2002-03-25 21:50:18	Anakinra	2014-08-03 20:00:39	58	Yes	7	6	10	Yes	Unknown	10	No	38	Yes	Yes	N/A	N/A	No	Yes	Yes	N/A	Yes	No	Yes	N/A
sample	ardac-p-alchepnet	sample_128	follow_up_128	No	2016-04-19 02:29:07		2016-06-12 22:39:59	63	No	17	6	85	No	Not Reported	20	No	364	Yes	No	N/A	Yes	N/A	N/A	N/A	Yes	N/A	N/A	No	No
sample	ardac-p-alchepnet	sample_129	follow_up_129	Yes	2016-11-18 04:17:03	Blood Derived Normal - Serum	2021-11-03 16:58:57	88	No	7	7	22	Yes	Unknown	8	No	39	Yes	N/A	No	N/A	No	Yes	No	Yes	No	Yes	No	N/A
sample	ardac-p-alchepnet	sample_130	follow_up_130	Yes	2015-09-07 19:43:26	Stool	2019-04-04 18:08:03	233	Yes	7	7	99	No	Unknown	10	No	338	Yes	Yes	Yes	No	No	No	N/A	N/A	N/A	No	No	N/A
sample	ardac-p-alchepnet	sample_131	follow_up_131	Yes	2002-07-11 23:51:31	Blood Derived Normal - Platelet Poor Plasma	2020-02-16 12:20:28	122	Yes	4	2	57	Yes	Frozen	18	Yes	23	Yes	Yes	Yes	N/A	No	Yes	N/A	N/A	Yes	No	N/A	No
sample	ardac-p-alchepnet	sample_132	follow_up_132	Yes	2011-09-21 03:12:51	Blood Derived Normal - Whole blood	2019-11-15 00:16:38	283	No	21	1	53	Yes	Not Reported	13	No	88	No	No	N/A	N/A	No	N/A	N/A	Yes	N/A	Yes	N/A	No
sample	ardac-p-alchepnet	sample_133	follow_up_133	Yes	2016-11-10 09:15:03	Blood Derived Normal - Serum	2021-09-01 16:08:06	8	Yes	5	1	45	Yes	Frozen	10	Yes	26	Yes	N/A	Yes	No	Yes	N/A	No	No	No	Yes	N/A	N/A
sample	ardac-p-alchepnet	sample_134	follow_up_134	Yes	2014-06-03 18:01:42	Blood Derived Normal - Platelet Poor Plasma	2021-10-19 02:47:10	164	No	20	1	48	No	Frozen	9	Yes	49	Yes	N/A	N/A	No	No	N/A	No	Yes	Yes	N/A	N/A	N/A
sample	ardac-p-alchepnet	sample_135	follow_up_135	Yes	2010-12-02 16:08:17	Blood Derived Normal - Platelet Poor Plasma	2011-10-29 08:52:17	195	No	7	2	86	No	Frozen	12	Yes	132	Yes	Yes	Yes	No	No	N/A	No	N/A	Yes	No	Yes	Yes
sample	ardac-p-alchepnet	sample_136	follow_up_136	Yes	2012-07-06 12:44:12	Anakinra	2020-10-06 07:55:04	64	No	2	2	99	Yes	Not Reported	4	No	183	No	Yes	N/A	Yes	N/A	Yes	No	No	Yes	No	N/A	No
sample	ardac-p-alchepnet	sample_137	follow_up_137	Yes	2017-01-06 04:24:12	Blood Derived Normal	2017-09-29 02:19:01	287	No	4	2	92	Yes	Frozen	10	Yes	328	No	No	N/A	No	No	Yes	No	N/A	N/A	No	Yes	N/A
sample	ardac-p-alchepnet	sample_138	follow_up_138	No	2011-02-16 00:29:13		2014-02-16 01:45:11	305	No	6	8	71	No	Not Reported	3	No	213	No	N/A	Yes	Yes	No	Yes	Yes	Yes	N/A	Yes	Yes	N/A
sample	ardac-p-alchepnet	sample_139	follow_up_139	No	2013-10-31 11:34:03		2019-06-21 18:59:23	207	Yes	11	11	83	No	Not Reported	16	No	211	Yes	No	Yes	Yes	Yes	Yes	Yes	No	Yes	Yes	N/A	Yes
sample	ardac-p-alchepnet	sample_140	follow_up_140	Yes	2018-05-10 22:38:19	Blood Derived Normal - Platelet Poor Plasma	2021-04-12 14:42:04	38	Yes	23	11	17	Yes	Frozen	16	No	110	Yes	N/A	No	N/A	N/A	Yes	No	No	N/A	Yes	No	No
sample	ardac-p-alchepnet	sample_141	follow_up_141	Yes	2021-03-04 07:37:14	Blood Derived Normal - Whole blood	2021-10-20 14:07:55	301	Yes	18	10	86	No	Frozen	10	No	92	No	No	No	Yes	Yes	N/A	N/A	Yes	Yes	No	Yes	N/A
sample	ardac-p-alchepnet	sample_142	follow_up_142	Yes	2015-08-08 11:09:16	Urine	2020-03-09 14:22:37	356	Yes	10	11	29	No	Unknown	17	Yes	278	Yes	N/A	N/A	No	N/A	N/A	No	Yes	Yes	Yes	Yes	No
sample	ardac-p-alchepnet	sample_143	follow_up_143	No	2003-03-27 14:11:28		2014-10-14 22:16:42	261	No	9	5	18	Yes	Frozen	4	Yes	191	No	N/A	N/A	Yes	Yes	N/A	Yes	No	N/A	N/A	N/A	Yes
sample	ardac-p-alchepnet	sample_144	follow_up_144	No	2006-12-27 10:25:21		2007-04-19 00:57:31	60	No	5	5	24	No	Not Reported	5	Yes	209	Yes	No	N/A	Yes	Yes	N/A	N/A	No	Yes	N/A	Yes	N/A
sample	ardac-p-alchepnet	sample_145	follow_up_145	No	2012-07-08 20:06:07		2019-06-27 01:52:30	202	No	9	1	29	Yes	Unknown	6	Yes	100	No	N/A	Yes	N/A	N/A	No	No	N/A	N/A	Yes	No	Yes
sample	ardac-p-alchepnet	sample_146	follow_up_146	Yes	2008-05-26 03:03:34	Blood Derived Normal - Whole blood	2011-09-02 06:55:40	298	No	5	3	60	No	Unknown	6	No	290	Yes	N/A	No	Yes	N/A	No	N/A	Yes	N/A	No	No	No
sample	ardac-p-alchepnet	sample_147	follow_up_147	No	2011-06-30 17:19:10		2011-07-21 08:48:15	355	No	3	2	40	No	Frozen	15	Yes	293	Yes	No	No	No	Yes	No	Yes	N/A	Yes	N/A	No	N/A
sample	ardac-p-alchepnet	sample_148	follow_up_148	No	2010-03-22 10:44:51		2011-01-22 09:52:40	268	No	24	7	60	No	Unknown	22	No	10	Yes	N/A	Yes	No	N/A	Yes	N/A	Yes	Yes	N/A	N/A	N/A
sample	ardac-p-alchepnet	sample_149	follow_up_149	No	2007-10-29 14:36:26		2015-06-01 09:33:37	173	No	14	7	51	No	Unknown	1	No	249	Yes	No	Yes	Yes	Yes	N/A	Yes	Yes	Yes	No	No	N/A
sample	ardac-p-alchepnet	sample_150	follow_up_150	Yes	2005-04-12 07:31:44	Blood Derived Normal - Platelet Poor Plasma	2005-05-28 21:36:44	194	Yes	24	2	49	No	Frozen	10	No	321	Yes	No	Yes	No	Yes	No	No	No	No	N/A	N/A	N/A
sample	ardac-p-alchepnet	sample_151	follow_up_151	Yes	2006-02-23 01:55:23	Stool	2021-05-08 00:45:04	211	No	5	11	74	Yes	Not Reported	2	Yes	64	No	Yes	No	Yes	N/A	Yes	Yes	Yes	No	N/A	N/A	N/A
sample	ardac-p-alchepnet	sample_152	follow_up_152	No	2020-05-16 00:15:20		2020-11-27 22:27:02	119	Yes	3	7	77	No	Not Reported	8	No	266	No	N/A	N/A	N/A	Yes	No	N/A	N/A	No	Yes	Yes	Yes
sample	ardac-p-alchepnet	sample_153	follow_up_153	No	2018-12-06 07:29:15		2019-11-10 06:34:31	349	Yes	16	9	10	No	Unknown	15	No	183	No	Yes	Yes	No	N/A	Yes	N/A	No	N/A	N/A	N/A	Yes
sample	ardac-p-alchepnet	sample_154	follow_up_154	No	2015-04-20 11:57:37		2015-10-15 09:38:32	151	No	11	10	84	No	Unknown	8	No	177	Yes	N/A	N/A	N/A	Yes	N/A	N/A	N/A	No	N/A	Yes	No
sample	ardac-p-alchepnet	sample_155	follow_up_155	No	2005-03-01 10:42:41		2010-05-18 22:54:06	354	No	12	3	72	Yes	Not Reported	19	No	170	No	Yes	Yes	Yes	No	No	No	Yes	No	No	N/A	Yes
sample	ardac-p-alchepnet	sample_156	follow_up_156	Yes	2020-07-21 03:01:45	Blood Derived Normal	2021-06-26 03:40:51	21	Yes	14	7	44	Yes	Unknown	8	Yes	30	No	Yes	N/A	N/A	N/A	No	No	N/A	N/A	Yes	Yes	No
sample	ardac-p-alchepnet	sample_157	follow_up_157	Yes	2018-03-21 21:53:54	Anakinra	2021-09-21 07:53:05	239	Yes	5	2	45	No	Not Reported	3	No	163	Yes	N/A	Yes	N/A	N/A	N/A	N/A	No	N/A	N/A	Yes	N/A
sample	ardac-p-alchepnet	sample_158	follow_up_158	Yes	2019-12-31 17:31:54	Blood Derived Normal - Platelet Poor Plasma	2020-01-20 09:57:46	240	No	20	9	38	No	Frozen	2	Yes	340	Yes	No	No	No	No	N/A	N/A	No	No	Yes	No	N/A
sample	ardac-p-alchepnet	sample_159	follow_up_159	No	2007-12-13 08:26:04		2020-11-20 00:39:23	68	No	21	2	15	Yes	Not Reported	4	Yes	168	Yes	No	N/A	N/A	Yes	N/A	N/A	Yes	Yes	Yes	N/A	N/A
sample	ardac-p-alchepnet	sample_160	follow_up_160	Yes	2019-04-17 10:38:29	Blood Derived Normal - Whole blood	2019-04-25 17:29:27	99	Yes	23	5	61	No	Frozen	22	Yes	336	Yes	N/A	N/A	No	Yes	N/A	Yes	Yes	No	No	No	Yes
sample	ardac-p-alchepnet	sample_161	follow_up_161	Yes	2021-12-07 07:53:16	Blood Derived Normal	2021-12-17 16:09:10	215	Yes	15	3	31	Yes	Unknown	10	No	250	Yes	No	N/A	No	No	Yes	No	N/A	No	N/A	No	Yes
sample	ardac-p-alchepnet	sample_162	follow_up_162	Yes	2006-03-07 02:47:36	Blood Derived Normal - HCl/Neat Plasma	2021-08-31 07:06:01	55	Yes	9	7	49	No	Unknown	22	Yes	64	Yes	No	Yes	No	No	N/A	No	N/A	N/A	No	N/A	N/A
sample	ardac-p-alchepnet	sample_163	follow_up_163	Yes	2005-08-31 06:35:23	Stool	2019-05-04 14:00:30	15	Yes	18	8	99	Yes	Not Reported	8	Yes	127	Yes	Yes	Yes	No	No	Yes	No	No	No	N/A	N/A	N/A
sample	ardac-p-alchepnet	sample_164	follow_up_164	No	2013-05-24 19:24:40		2016-08-18 23:57:59	26	Yes	9	4	16	Yes	Unknown	20	No	262	Yes	No	No	N/A	No	N/A	Yes	N/A	N/A	N/A	N/A	Yes
sample	ardac-p-alchepnet	sample_165	follow_up_165	Yes	2016-09-04 02:53:35	Blood Derived Normal	2019-06-02 05:44:09	223	Yes	22	1	33	Yes	Not Reported	6	Yes	44	Yes	Yes	No	N/A	No	Yes	N/A	N/A	No	Yes	Yes	N/A
sample	ardac-p-alchepnet	sample_166	follow_up_166	No	2010-03-25 09:22:32		2015-08-21 23:57:40	311	No	11	3	19	Yes	Not Reported	11	Yes	213	Yes	N/A	Yes	No	N/A	Yes	No	N/A	N/A	N/A	No	N/A
sample	ardac-p-alchepnet	sample_167	follow_up_167	No	2008-10-04 23:38:13		2012-03-27 04:47:05	96	No	17	10	66	Yes	Unknown	18	No	303	No	Yes	Yes	Yes	No	N/A	N/A	No	No	N/A	N/A	No
sample	ardac-p-alchepnet	sample_168	follow_up_168	Yes	2011-10-13 06:07:05	Blood Derived Normal	2015-06-20 02:56:28	254	Yes	3	7	84	No	Frozen	11	No	100	No	Yes	N/A	N/A	Yes	N/A	No	N/A	No	Yes	No	Yes
sample	ardac-p-alchepnet	sample_169	follow_up_169	Yes	2013-07-08 13:39:24	Stool	2016-12-16 12:45:52	57	Yes	19	11	69	No	Not Reported	19	No	216	Yes	No	No	N/A	Yes	N/A	N/A	N/A	N/A	No	No	No
sample	ardac-p-alchepnet	sample_170	follow_up_170	Yes	2017-03-20 15:17:12	Urine	2017-12-10 12:01:50	109	No	7	5	60	No	Frozen	20	No	143	Yes	Yes	No	N/A	Yes	No	N/A	No	N/A	N/A	No	N/A
sample	ardac-p-alchepnet	sample_171	follow_up_171	No	2003-11-08 23:20:15		2010-11-04 23:01:47	6	No	5	4	24	No	Unknown	19	No	102	No	Yes	Yes	No	No	No	No	Yes	No	No	Yes	No
sample	ardac-p-alchepnet	sample_172	follow_up_172	Yes	2012-11-28 02:09:28	Saliva	2016-07-18 15:25:00	355	Yes	17	1	13	No	Unknown	14	Yes	290	Yes	No	Yes	No	No	N/A	N/A	N/A	No	No	N/A	Yes
sample	ardac-p-alchepnet	sample_173	follow_up_173	No	2006-11-13 10:46:44		2014-02-20 09:01:54	109	Yes	9	3	83	No	Unknown	17	Yes	15	Yes	No	No	Yes	Yes	N/A	No	Yes	N/A	No	No	Yes
sample	ardac-p-alchepnet	sample_174	follow_up_174	No	2008-09-05 07:36:43		2021-02-13 10:15:34	193	Yes	10	8	23	Yes	Unknown	15	Yes	255	No	No	N/A	N/A	No	Yes	Yes	N/A	N/A	Yes	N/A	Yes
sample	ardac-p-alchepnet	sample_175	follow_up_175	Yes	2013-02-08 19:05:43	Blood Derived Normal - Whole blood	2021-02-22 11:58:30	118	Yes	22	4	32	No	Not Reported	24	Yes	220	Yes	Yes	No	N/A	N/A	Yes	N/A	N/A	N/A	No	Yes	No
sample	ardac-p-alchepnet	sample_176	follow_up_176	No	2016-10-15 20:11:09		2021-03-14 14:40:13	236	No	11	4	39	No	Frozen	16	No	262	Yes	No	Yes	Yes	N/A	No	Yes	No	No	N/A	Yes	No
sample	ardac-p-alchepnet	sample_177	follow_up_177	Yes	2012-09-10 14:46:59	Peripheral Blood Mononuclear Cells	2021-06-18 23:03:56	87	Yes	12	11	64	Yes	Not Reported	18	Yes	114	Yes	Yes	No	No	N/A	N/A	No	Yes	No	N/A	Yes	Yes
sample	ardac-p-alchepnet	sample_178	follow_up_178	Yes	2005-01-19 08:12:56	Blood Derived Normal - Platelet Poor Plasma	2016-08-07 11:17:46	97	Yes	9	2	69	No	Not Reported	20	Yes	358	No	Yes	Yes	N/A	No	No	No	Yes	N/A	No	Yes	No
sample	ardac-p-alchepnet	sample_179	follow_up_179	No	2017-08-07 14:22:09		2018-08-02 03:36:22	207	Yes	11	8	28	Yes	Not Reported	24	No	226	Yes	No	No	No	No	No	N/A	No	No	N/A	No	Yes
sample	ardac-p-alchepnet	sample_180	follow_up_180	Yes	2004-03-16 10:35:17	Blood Derived Normal - Platelet Poor Plasma	2018-10-19 15:33:35	294	Yes	9	6	32	Yes	Unknown	17	Yes	142	Yes	No	No	N/A	N/A	Yes	N/A	N/A	N/A	N/A	No	Yes
sample	ardac-p-alchepnet	sample_181	follow_up_181	No	2015-10-04 05:02:47		2017-05-15 17:29:55	102	Yes	20	5	16	Yes	Frozen	20	Yes	261	No	N/A	No	No	No	N/A	Yes	N/A	Yes	N/A	Yes	N/A
sample	ardac-p-alchepnet	sample_182	follow_up_182	No	2007-06-01 14:01:13		2019-06-27 06:00:31	37	No	18	8	89	No	Frozen	10	No	235	No	No	N/A	Yes	Yes	N/A	N/A	N/A	N/A	Yes	No	N/A
sample	ardac-p-alchepnet	sample_183	follow_up_183	No	2006-05-30 23:01:29		2009-03-08 21:56:59	20	Yes	18	1	9	No	Unknown	11	No	341	No	Yes	No	No	N/A	Yes	No	N/A	N/A	N/A	N/A	Yes
sample	ardac-p-alchepnet	sample_184	follow_up_184	No	2019-01-12 16:48:15		2020-08-23 15:50:59	251	Yes	2	4	60	No	Unknown	19	No	257	No	Yes	N/A	No	No	N/A	N/A	Yes	N/A	N/A	N/A	Yes
sample	ardac-p-alchepnet	sample_185	follow_up_185	Yes	2018-05-06 23:16:51	Urine	2019-08-21 13:04:53	231	Yes	13	1	25	No	Unknown	3	No	101	Yes	Yes	Yes	No	Yes	No	N/A	Yes	No	N/A	N/A	N/A
sample	ardac-p-alchepnet	sample_186	follow_up_186	No	2001-01-28 21:34:15		2017-10-16 20:56:36	192	No	2	1	60	No	Frozen	24	Yes	144	No	N/A	N/A	No	No	N/A	N/A	Yes	Yes	N/A	Yes	Yes
sample	ardac-p-alchepnet	sample_187	follow_up_187	Yes	2000-03-03 09:43:39	Urine	2020-11-21 00:05:01	221	Yes	22	1	83	Yes	Unknown	23	No	25	No	Yes	Yes	Yes	N/A	Yes	N/A	Yes	Yes	Yes	N/A	N/A
sample	ardac-p-alchepnet	sample_188	follow_up_188	Yes	2012-07-10 20:13:55	Anakinra	2016-12-16 10:02:42	108	No	24	4	66	Yes	Unknown	6	No	123	Yes	N/A	No	No	Yes	Yes	No	Yes	Yes	No	No	Yes
sample	ardac-p-alchepnet	sample_189	follow_up_189	Yes	2021-07-12 11:01:49	Peripheral Blood Mononuclear Cells	2021-12-08 20:26:17	109	No	3	11	15	No	Frozen	19	Yes	2	No	Yes	Yes	N/A	No	N/A	Yes	Yes	N/A	No	No	No
sample	ardac-p-alchepnet	sample_190	follow_up_190	No	2000-06-12 16:55:19		2021-01-13 08:58:08	70	Yes	8	1	54	Yes	Frozen	17	Yes	196	Yes	N/A	N/A	Yes	N/A	Yes	Yes	N/A	N/A	Yes	Yes	Yes
sample	ardac-p-alchepnet	sample_191	follow_up_191	Yes	2015-08-16 14:51:14	Blood Derived Normal - Platelet Poor Plasma	2020-05-21 16:59:44	339	No	9	10	24	Yes	Frozen	17	No	108	Yes	No	Yes	No	No	N/A	Yes	No	Yes	No	N/A	No
sample	ardac-p-alchepnet	sample_192	follow_up_192	Yes	2014-02-27 00:56:55	Blood Derived Normal - Serum	2016-05-07 03:58:47	100	Yes	11	10	33	No	Not Reported	3	Yes	205	No	Yes	No	No	N/A	N/A	N/A	N/A	No	No	Yes	No
sample	ardac-p-alchepnet	sample_193	follow_up_193	Yes	2003-08-25 05:52:41	Blood Derived Normal - HCl/Neat Plasma	2010-09-27 00:50:12	8	Yes	4	9	27	Yes	Not Reported	21	Yes	26	Yes	No	N/A	No	No	Yes	Yes	No	N/A	N/A	No	Yes
sample	ardac-p-alchepnet	sample_194	follow_up_194	No	2001-08-17 20:23:56		2007-01-17 10:54:05	19	No	17	7	55	No	Not Reported	16	No	317	No	N/A	Yes	No	Yes	Yes	No	N/A	No	No	No	Yes
sample	ardac-p-alchepnet	sample_195	follow_up_195	Yes	2013-12-25 15:53:47	Blood Derived Normal	2018-07-14 04:35:10	295	No	9	3	56	No	Frozen	3	Yes	43	Yes	No	N/A	N/A	Yes	N/A	N/A	No	N/A	No	No	N/A
sample	ardac-p-alchepnet	sample_196	follow_up_196	Yes	2014-03-01 17:25:04	Blood Derived Normal - Serum	2015-11-08 10:57:41	264	No	3	4	67	Yes	Unknown	17	Yes	205	No	N/A	N/A	N/A	Yes	Yes	Yes	N/A	No	No	N/A	N/A
sample	ardac-p-alchepnet	sample_197	follow_up_197	Yes	2006-07-28 02:11:26	Peripheral Blood Mononuclear Cells	2017-02-11 12:26:01	299	Yes	4	3	64	No	Frozen	8	Yes	1	Yes	No	N/A	N/A	N/A	No	No	Yes	Yes	N/A	N/A	Yes
sample	ardac-p-alchepnet	sample_198	follow_up_198	No	2015-12-19 13:20:38		2020-06-16 15:13:20	119	No	14	4	48	No	Not Reported	14	No	72	Yes	N/A	Yes	No	Yes	Yes	N/A	Yes	No	N/A	Yes	N/A
sample	ardac-p-alchepnet	sample_199	follow_up_199	No	2004-08-28 03:37:21		2015-07-02 12:14:38	155	No	6	10	42	Yes	Not Reported	5	No	86	Yes	Yes	Yes	N/A	No	N/A	N/A	No	No	N/A	N/A	N/A
sample	ardac-p-alchepnet	sample_200	follow_up_200	No	2009-06-01 19:35:26		2010-08-16 22:04:06	68	Yes	8	4	3	No	Not Reported	14	Yes	54	Yes	No	Yes	No	Yes	N/A	No	No	N/A	Yes	N/A	Yes
sample	ardac-p-alchepnet	sample_201	follow_up_201	No	2008-12-07 23:45:27		2009-11-05 05:43:56	42	No	20	2	49	No	Unknown	7	No	281	No	No	No	N/A	N/A	No	Yes	N/A	No	Yes	N/A	N/A
sample	ardac-p-alchepnet	sample_202	follow_up_202	Yes	2017-07-22 09:06:26	Blood Derived Normal - Platelet Poor Plasma	2017-12-31 05:08:27	23	No	23	7	26	No	Unknown	16	Yes	19	Yes	No	No	Yes	No	No	No	Yes	N/A	Yes	No	Yes
sample	ardac-p-alchepnet	sample_203	follow_up_203	Yes	2014-10-11 16:35:41	Blood Derived Normal - Whole blood	2018-12-28 18:49:52	173	No	22	1	18	Yes	Unknown	12	No	98	No	No	N/A	N/A	Yes	N/A	N/A	Yes	N/A	N/A	Yes	Yes
sample	ardac-p-alchepnet	sample_204	follow_up_204	Yes	2016-03-29 06:12:10	Urine	2018-08-22 10:10:08	209	Yes	19	3	97	No	Not Reported	24	No	171	Yes	N/A	N/A	N/A	N/A	N/A	No	Yes	Yes	N/A	Yes	No
sample	ardac-p-alchepnet	sample_205	follow_up_205	No	2002-10-25 18:04:49		2016-04-24 19:19:58	82	No	14	1	59	No	Unknown	1	No	169	No	N/A	N/A	Yes	Yes	No	No	Yes	N/A	No	N/A	No
sample	ardac-p-alchepnet	sample_206	follow_up_206	No	2017-03-29 15:11:13		2021-04-08 20:48:37	248	No	1	6	58	No	Unknown	5	No	9	No	Yes	No	N/A	N/A	Yes	N/A	No	No	Yes	Yes	Yes
sample	ardac-p-alchepnet	sample_207	follow_up_207	Yes	2004-01-10 14:12:19	Saliva	2017-08-12 16:50:10	34	Yes	18	4	2	No	Unknown	19	No	330	No	N/A	N/A	N/A	Yes	N/A	Yes	N/A	No	Yes	N/A	No
sample	ardac-p-alchepnet	sample_208	follow_up_208	No	2008-01-09 04:29:23		2009-06-15 01:41:20	87	Yes	16	4	22	Yes	Not Reported	20	No	195	Yes	N/A	Yes	No	No	No	No	No	No	Yes	Yes	Yes
sample	ardac-p-alchepnet	sample_209	follow_up_209	No	2021-02-21 22:57:33		2021-08-17 18:58:29	336	Yes	18	3	97	No	Unknown	7	No	279	Yes	No	No	No	N/A	Yes	No	N/A	N/A	No	Yes	Yes
sample	ardac-p-alchepnet	sample_210	follow_up_210	Yes	2011-09-30 20:16:41	Blood Derived Normal - Platelet Poor Plasma	2018-12-18 23:01:26	238	No	23	3	60	Yes	Unknown	9	No	184	No	No	No	Yes	N/A	Yes	N/A	No	Yes	Yes	Yes	No
sample	ardac-p-alchepnet	sample_211	follow_up_211	No	2007-07-23 07:50:34		2012-07-03 00:36:16	339	Yes	15	5	91	Yes	Not Reported	20	No	61	No	Yes	Yes	Yes	N/A	No	No	N/A	N/A	Yes	Yes	N/A
sample	ardac-p-alchepnet	sample_212	follow_up_212	Yes	2008-08-05 12:43:09	Blood Derived Normal - HCl/Neat Plasma	2016-01-02 13:36:31	299	Yes	17	3	30	No	Not Reported	19	Yes	165	No	Yes	Yes	No	No	Yes	N/A	Yes	No	No	Yes	Yes
sample	ardac-p-alchepnet	sample_213	follow_up_213	Yes	2009-07-17 06:38:08	Peripheral Blood Mononuclear Cells	2020-09-07 23:23:01	204	No	8	8	12	Yes	Unknown	8	No	77	No	N/A	No	N/A	Yes	No	Yes	N/A	No	N/A	No	N/A
sample	ardac-p-alchepnet	sample_214	follow_up_214	No	2019-11-03 08:25:22		2020-04-11 22:04:29	276	Yes	14	5	69	No	Not Reported	9	No	103	Yes	Yes	N/A	No	No	N/A	Yes	N/A	No	No	Yes	N/A
sample	ardac-p-alchepnet	sample_215	follow_up_215	Yes	2007-08-02 19:39:05	Blood Derived Normal - Serum	2015-11-09 15:40:02	88	No	13	6	9	Yes	Unknown	22	Yes	220	Yes	No	No	N/A	No	N/A	Yes	Yes	Yes	N/A	No	Yes
sample	ardac-p-alchepnet	sample_216	follow_up_216	No	2021-11-21 17:08:41		2021-12-23 23:51:11	201	No	5	4	62	No	Not Reported	3	Yes	98	No	Yes	Yes	Yes	N/A	Yes	N/A	Yes	Yes	No	N/A	N/A
sample	ardac-p-alchepnet	sample_217	follow_up_217	No	2006-05-10 12:01:18		2006-09-04 00:25:13	327	Yes	22	9	60	Yes	Frozen	13	No	221	Yes	No	No	N/A	N/A	N/A	N/A	No	Yes	No	N/A	N/A
sample	ardac-p-alchepnet	sample_218	follow_up_218	No	2001-11-09 04:19:31		2001-12-20 05:59:34	319	Yes	18	5	49	No	Unknown	21	Yes	31	No	N/A	N/A	N/A	N/A	N/A	No	Yes	Yes	No	N/A	Yes
sample	ardac-p-alchepnet	sample_219	follow_up_219	No	2019-01-25 17:37:43		2019-06-29 08:10:51	106	Yes	12	7	18	No	Not Reported	15	Yes	136	No	N/A	Yes	N/A	Yes	Yes	No	No	N/A	N/A	N/A	N/A
sample	ardac-p-alchepnet	sample_220	follow_up_220	Yes	2017-08-18 02:40:53	Blood Derived Normal - Whole blood	2017-10-29 05:09:04	311	Yes	24	8	63	No	Not Reported	4	No	125	Yes	No	Yes	Yes	Yes	No	Yes	N/A	No	Yes	Yes	Yes
sample	ardac-p-alchepnet	sample_221	follow_up_221	No	2011-03-28 12:17:27		2012-04-07 10:55:31	37	Yes	17	10	90	Yes	Not Reported	11	Yes	285	No	Yes	N/A	Yes	Yes	Yes	Yes	Yes	No	Yes	N/A	N/A
sample	ardac-p-alchepnet	sample_222	follow_up_222	No	2002-08-13 14:34:01		2011-04-18 17:15:27	355	Yes	2	8	55	No	Unknown	21	No	36	No	Yes	Yes	Yes	No	Yes	N/A	No	Yes	N/A	No	No
sample	ardac-p-alchepnet	sample_223	follow_up_223	No	2003-03-31 18:55:58		2020-05-17 12:55:10	274	No	9	9	43	No	Frozen	14	No	84	No	N/A	N/A	Yes	N/A	Yes	Yes	Yes	N/A	No	Yes	N/A
sample	ardac-p-alchepnet	sample_224	follow_up_224	No	2008-06-20 08:24:30		2020-08-13 12:08:53	292	No	19	9	6	No	Frozen	14	No	140	No	Yes	No	Yes	No	No	Yes	No	Yes	Yes	No	No
sample	ardac-p-alchepnet	sample_225	follow_up_225	Yes	2001-12-14 23:51:54	Blood Derived Normal - Serum	2014-11-08 00:42:59	228	No	1	5	93	No	Unknown	12	Yes	340	Yes	No	N/A	No	Yes	No	N/A	Yes	N/A	Yes	Yes	No
sample	ardac-p-alchepnet	sample_226	follow_up_226	Yes	2005-01-03 12:00:27	Blood Derived Normal - Whole blood	2006-08-26 04:07:15	252	No	9	3	45	Yes	Unknown	7	No	298	No	Yes	N/A	No	N/A	No	Yes	Yes	N/A	No	N/A	Yes
sample	ardac-p-alchepnet	sample_227	follow_up_227	Yes	2014-05-30 16:10:53	Stool	2018-10-26 12:15:58	219	No	18	6	42	Yes	Not Reported	15	No	269	Yes	No	No	Yes	N/A	Yes	No	No	N/A	No	No	N/A
sample	ardac-p-alchepnet	sample_228	follow_up_228	Yes	2002-08-22 01:25:21	Blood Derived Normal - HCl/Neat Plasma	2021-10-30 17:37:58	203	No	20	1	48	Yes	Frozen	22	Yes	9	No	N/A	N/A	Yes	Yes	Yes	No	Yes	N/A	No	Yes	Yes
sample	ardac-p-alchepnet	sample_229	follow_up_229	Yes	2014-07-27 11:51:41	Anakinra	2018-03-13 23:25:40	216	No	22	11	87	No	Frozen	16	No	83	No	N/A	Yes	N/A	N/A	No	Yes	N/A	Yes	No	Yes	No
sample	ardac-p-alchepnet	sample_230	follow_up_230	No	2019-09-01 06:33:51		2021-07-17 19:20:53	350	Yes	15	1	83	No	Unknown	19	No	154	Yes	Yes	No	N/A	N/A	Yes	No	Yes	No	No	N/A	Yes
sample	ardac-p-alchepnet	sample_231	follow_up_231	Yes	2013-07-29 16:05:03	Blood Derived Normal - HCl/Neat Plasma	2015-01-28 09:38:58	1	Yes	13	7	20	Yes	Unknown	2	Yes	166	Yes	No	No	No	Yes	Yes	N/A	N/A	No	Yes	Yes	Yes
sample	ardac-p-alchepnet	sample_232	follow_up_232	Yes	2010-09-09 22:29:41	Blood Derived Normal	2013-01-14 21:26:55	125	Yes	15	3	61	No	Unknown	5	No	240	Yes	N/A	No	Yes	N/A	N/A	No	Yes	N/A	N/A	No	Yes
sample	ardac-p-alchepnet	sample_233	follow_up_233	No	2005-08-05 13:05:45		2009-04-10 08:06:02	288	Yes	16	1	25	No	Frozen	1	Yes	220	No	Yes	No	Yes	No	N/A	N/A	N/A	N/A	N/A	No	Yes
sample	ardac-p-alchepnet	sample_234	follow_up_234	Yes	2004-04-13 03:19:39	Blood Derived Normal - Whole blood	2017-02-09 16:39:49	147	No	16	1	52	No	Unknown	17	No	179	No	Yes	Yes	Yes	Yes	No	N/A	Yes	No	No	Yes	Yes
sample	ardac-p-alchepnet	sample_235	follow_up_235	No	2012-10-07 19:19:58		2016-12-24 01:45:20	292	No	21	6	57	Yes	Unknown	6	No	122	Yes	N/A	N/A	Yes	No	No	N/A	N/A	N/A	N/A	N/A	N/A
sample	ardac-p-alchepnet	sample_236	follow_up_236	No	2019-11-14 16:28:47		2020-10-20 09:48:38	228	Yes	24	8	39	Yes	Frozen	21	No	274	No	Yes	N/A	No	N/A	Yes	N/A	No	N/A	Yes	No	No
sample	ardac-p-alchepnet	sample_237	follow_up_237	Yes	2006-04-21 01:58:04	Blood Derived Normal - HCl/Neat Plasma	2009-12-04 21:32:10	282	Yes	19	6	83	No	Not Reported	15	Yes	67	Yes	No	Yes	Yes	Yes	No	N/A	No	No	Yes	No	No
sample	ardac-p-alchepnet	sample_238	follow_up_238	Yes	2015-12-09 05:24:56	Blood Derived Normal - HCl/Neat Plasma	2019-08-27 08:56:50	362	Yes	23	3	27	Yes	Unknown	7	No	235	Yes	No	No	Yes	Yes	No	No	No	No	N/A	Yes	N/A
sample	ardac-p-alchepnet	sample_239	follow_up_239	No	2002-10-01 11:17:52		2009-01-19 21:15:32	350	Yes	8	3	29	No	Not Reported	10	Yes	316	Yes	Yes	No	Yes	Yes	N/A	N/A	Yes	Yes	No	No	No
sample	ardac-p-alchepnet	sample_240	follow_up_240	No	2010-11-06 21:07:04		2021-07-20 22:16:00	312	Yes	3	1	91	Yes	Not Reported	2	No	348	No	Yes	No	No	No	No	N/A	N/A	Yes	N/A	Yes	Yes
sample	ardac-p-alchepnet	sample_241	follow_up_241	No	2003-11-24 21:56:38		2005-08-07 15:59:42	11	Yes	4	8	1	No	Unknown	11	Yes	76	Yes	No	No	No	No	N/A	N/A	No	Yes	Yes	N/A	N/A
sample	ardac-p-alchepnet	sample_242	follow_up_242	Yes	2019-09-02 09:31:36	Blood Derived Normal	2021-01-08 13:40:07	267	Yes	18	8	57	Yes	Frozen	4	No	282	No	N/A	No	N/A	N/A	N/A	N/A	Yes	Yes	N/A	No	Yes
sample	ardac-p-alchepnet	sample_243	follow_up_243	Yes	2011-12-11 15:33:51	Blood Derived Normal - Platelet Poor Plasma	2014-12-15 22:40:30	101	No	6	7	27	No	Unknown	8	No	270	Yes	Yes	No	Yes	Yes	N/A	Yes	N/A	N/A	No	No	No
sample	ardac-p-alchepnet	sample_244	follow_up_244	No	2004-02-13 01:05:01		2013-10-22 05:34:43	87	Yes	5	1	56	Yes	Not Reported	6	No	188	Yes	Yes	No	No	N/A	No	No	N/A	Yes	N/A	Yes	No
sample	ardac-p-alchepnet	sample_245	follow_up_245	Yes	2017-09-24 11:46:45	Blood Derived Normal - Platelet Poor Plasma	2020-06-25 09:19:25	119	Yes	13	4	39	Yes	Unknown	20	No	227	Yes	No	Yes	No	N/A	Yes	Yes	No	No	N/A	Yes	N/A
sample	ardac-p-alchepnet	sample_246	follow_up_246	No	2019-04-04 19:12:29		2021-10-05 00:01:49	57	No	12	1	57	Yes	Unknown	4	No	31	Yes	No	No	No	No	Yes	No	Yes	No	No	No	No
sample	ardac-p-alchepnet	sample_247	follow_up_247	Yes	2020-04-04 18:03:03	Saliva	2021-08-23 13:07:31	272	Yes	7	8	40	Yes	Not Reported	20	Yes	236	Yes	Yes	N/A	Yes	N/A	N/A	Yes	No	No	No	No	Yes
sample	ardac-p-alchepnet	sample_248	follow_up_248	Yes	2014-04-21 18:12:57	Peripheral Blood Mononuclear Cells	2019-10-01 11:08:45	296	Yes	4	3	27	Yes	Frozen	4	Yes	353	Yes	Yes	No	Yes	Yes	Yes	N/A	Yes	N/A	No	N/A	Yes
sample	ardac-p-alchepnet	sample_249	follow_up_249	Yes	2004-07-07 05:41:03	Saliva	2012-06-20 19:40:11	255	Yes	12	7	24	Yes	Unknown	5	No	280	Yes	N/A	N/A	N/A	Yes	No	Yes	N/A	Yes	No	N/A	No
sample	ardac-p-alchepnet	sample_250	follow_up_250	Yes	2018-04-27 03:30:03	Peripheral Blood Mononuclear Cells	2019-07-31 13:58:10	319	No	2	2	61	No	Unknown	18	No	327	Yes	No	No	No	Yes	Yes	N/A	N/A	N/A	N/A	No	N/A
sample	ardac-p-alchepnet	sample_251	follow_up_251	No	2016-06-19 08:53:45		2016-09-07 05:08:27	115	No	12	1	61	No	Not Reported	10	No	168	No	No	Yes	N/A	No	No	N/A	No	No	No	No	No
sample	ardac-p-alchepnet	sample_252	follow_up_252	No	2007-06-29 09:34:03		2012-05-11 19:31:09	194	Yes	3	10	62	Yes	Frozen	6	Yes	49	Yes	Yes	N/A	Yes	Yes	N/A	N/A	N/A	N/A	N/A	No	N/A
sample	ardac-p-alchepnet	sample_253	follow_up_253	Yes	2020-11-06 06:40:55	Saliva	2021-09-23 07:26:47	211	No	12	8	48	No	Frozen	23	Yes	46	No	N/A	No	Yes	Yes	N/A	N/A	No	N/A	N/A	No	Yes
sample	ardac-p-alchepnet	sample_254	follow_up_254	No	2018-07-28 20:55:04		2020-03-24 14:04:28	178	Yes	11	9	43	Yes	Not Reported	14	Yes	22	No	N/A	N/A	N/A	Yes	N/A	N/A	N/A	No	Yes	Yes	Yes
sample	ardac-p-alchepnet	sample_255	follow_up_255	No	2007-05-06 15:59:51		2018-07-31 20:25:00	246	Yes	2	3	52	No	Frozen	14	Yes	120	No	N/A	N/A	No	N/A	No	Yes	N/A	N/A	No	N/A	No
sample	ardac-p-alchepnet	sample_256	follow_up_256	Yes	2003-08-07 07:00:23	Blood Derived Normal - HCl/Neat Plasma	2004-09-04 11:49:57	288	No	16	4	38	Yes	Not Reported	2	Yes	141	No	No	Yes	Yes	No	No	N/A	N/A	Yes	N/A	No	N/A
sample	ardac-p-alchepnet	sample_257	follow_up_257	No	2002-11-19 11:35:13		2010-03-09 16:46:31	353	No	20	1	33	No	Unknown	21	No	310	Yes	N/A	Yes	No	No	Yes	N/A	No	No	Yes	N/A	N/A
sample	ardac-p-alchepnet	sample_258	follow_up_258	Yes	2010-03-18 01:16:47	Blood Derived Normal - Serum	2015-06-25 12:12:51	245	No	7	10	45	Yes	Not Reported	1	Yes	95	Yes	Yes	N/A	No	N/A	Yes	No	No	Yes	N/A	Yes	N/A
sample	ardac-p-alchepnet	sample_259	follow_up_259	No	2016-01-21 14:16:20		2017-09-18 08:40:48	196	Yes	22	4	28	No	Not Reported	9	Yes	156	Yes	N/A	No	Yes	No	N/A	Yes	No	Yes	Yes	N/A	Yes
sample	ardac-p-alchepnet	sample_260	follow_up_260	No	2019-07-13 20:42:26		2020-06-22 04:56:51	132	Yes	17	9	96	No	Frozen	20	Yes	269	Yes	No	Yes	N/A	Yes	Yes	No	No	N/A	No	N/A	No
sample	ardac-p-alchepnet	sample_261	follow_up_261	Yes	2014-01-26 18:44:23	Anakinra	2018-11-11 11:52:02	94	Yes	6	5	11	Yes	Not Reported	13	No	236	Yes	N/A	Yes	Yes	No	N/A	N/A	N/A	No	N/A	No	N/A
sample	ardac-p-alchepnet	sample_262	follow_up_262	No	2008-02-09 03:59:29		2020-01-05 04:04:11	189	No	8	2	11	Yes	Unknown	21	No	101	No	Yes	N/A	N/A	No	No	N/A	N/A	Yes	No	No	No
sample	ardac-p-alchepnet	sample_263	follow_up_263	Yes	2011-01-19 09:24:07	Urine	2017-09-26 02:30:23	159	No	6	5	35	Yes	Unknown	12	No	109	Yes	Yes	No	No	N/A	No	No	No	No	N/A	N/A	N/A
sample	ardac-p-alchepnet	sample_264	follow_up_264	Yes	2004-04-13 00:03:32	Blood Derived Normal	2015-02-28 13:59:02	77	Yes	19	1	43	No	Unknown	9	No	235	No	Yes	Yes	N/A	N/A	N/A	Yes	No	N/A	Yes	Yes	Yes
sample	ardac-p-alchepnet	sample_265	follow_up_265	No	2013-01-02 08:25:50		2016-10-11 21:37:47	17	Yes	14	4	7	Yes	Not Reported	3	Yes	196	No	N/A	Yes	No	No	Yes	Yes	No	Yes	No	No	N/A
sample	ardac-p-alchepnet	sample_266	follow_up_266	No	2003-09-30 22:15:39		2018-10-01 08:42:37	151	No	20	2	82	No	Not Reported	21	Yes	152	Yes	No	No	No	Yes	N/A	Yes	No	Yes	No	Yes	Yes
sample	ardac-p-alchepnet	sample_267	follow_up_267	No	2009-05-01 10:12:26		2017-05-26 23:01:56	359	No	5	2	19	Yes	Not Reported	17	No	263	Yes	No	N/A	N/A	No	N/A	Yes	Yes	N/A	Yes	Yes	No
sample	ardac-p-alchepnet	sample_268	follow_up_268	No	2020-05-10 23:50:58		2020-12-11 18:14:57	159	No	14	6	35	No	Unknown	14	Yes	9	No	Yes	Yes	Yes	Yes	No	Yes	No	Yes	N/A	No	No
sample	ardac-p-alchepnet	sample_269	follow_up_269	Yes	2018-06-04 13:39:03	Blood Derived Normal - Platelet Poor Plasma	2021-06-03 19:33:46	49	No	2	5	87	Yes	Frozen	2	Yes	286	No	Yes	No	N/A	Yes	No	No	N/A	Yes	Yes	N/A	No
sample	ardac-p-alchepnet	sample_270	follow_up_270	No	2008-06-03 06:27:42		2015-03-04 22:47:14	240	No	21	10	52	No	Unknown	4	Yes	157	Yes	No	N/A	N/A	N/A	No	N/A	N/A	N/A	No	No	N/A
sample	ardac-p-alchepnet	sample_271	follow_up_271	No	2018-04-05 00:09:43		2019-10-07 05:15:18	102	No	12	2	22	Yes	Not Reported	20	Yes	41	Yes	N/A	No	No	No	Yes	N/A	Yes	N/A	N/A	No	N/A
sample	ardac-p-alchepnet	sample_272	follow_up_272	Yes	2011-01-30 07:45:06	Urine	2016-10-13 13:48:46	22	Yes	22	9	49	Yes	Not Reported	1	No	37	Yes	N/A	N/A	N/A	N/A	No	No	N/A	N/A	Yes	Yes	No
sample	ardac-p-alchepnet	sample_273	follow_up_273	Yes	2005-12-06 03:27:53	Peripheral Blood Mononuclear Cells	2012-02-11 10:25:46	138	Yes	4	6	88	Yes	Not Reported	4	Yes	146	Yes	No	No	No	No	No	No	Yes	N/A	Yes	No	No
sample	ardac-p-alchepnet	sample_274	follow_up_274	No	2008-09-17 22:47:15		2014-04-02 20:08:36	268	No	7	6	69	Yes	Frozen	10	No	281	Yes	No	N/A	N/A	Yes	N/A	Yes	N/A	Yes	Yes	No	No
sample	ardac-p-alchepnet	sample_275	follow_up_275	Yes	2007-08-22 23:26:20	Peripheral Blood Mononuclear Cells	2008-03-09 18:24:43	50	No	3	2	24	Yes	Frozen	11	No	189	Yes	Yes	No	Yes	No	N/A	No	N/A	No	No	No	N/A
sample	ardac-p-alchepnet	sample_276	follow_up_276	No	2002-06-22 06:37:23		2007-07-12 10:35:28	175	No	10	2	83	No	Not Reported	18	Yes	142	Yes	Yes	N/A	No	N/A	N/A	Yes	No	N/A	No	No	N/A
sample	ardac-p-alchepnet	sample_277	follow_up_277	No	2006-07-23 00:52:48		2019-01-03 19:03:54	258	No	7	3	96	No	Frozen	18	Yes	249	No	No	Yes	Yes	No	N/A	Yes	Yes	No	N/A	Yes	No
sample	ardac-p-alchepnet	sample_278	follow_up_278	Yes	2010-12-29 23:40:21	Stool	2014-09-27 18:32:49	155	No	5	4	66	No	Unknown	16	No	155	No	No	Yes	N/A	N/A	Yes	No	Yes	N/A	No	N/A	N/A
sample	ardac-p-alchepnet	sample_279	follow_up_279	Yes	2021-01-30 08:26:51	Blood Derived Normal - Serum	2021-05-20 18:54:07	67	No	5	9	31	No	Unknown	19	Yes	234	Yes	N/A	N/A	Yes	Yes	No	N/A	N/A	Yes	No	N/A	Yes
sample	ardac-p-alchepnet	sample_280	follow_up_280	Yes	2003-08-09 20:21:16	Blood Derived Normal - HCl/Neat Plasma	2021-01-26 21:31:36	253	No	21	7	74	No	Not Reported	16	Yes	95	No	No	Yes	N/A	No	No	N/A	Yes	N/A	N/A	Yes	Yes
sample	ardac-p-alchepnet	sample_281	follow_up_281	No	2012-05-01 03:41:09		2016-12-05 08:26:41	111	Yes	15	6	32	Yes	Frozen	14	Yes	99	Yes	N/A	N/A	N/A	N/A	No	N/A	Yes	Yes	Yes	No	Yes
sample	ardac-p-alchepnet	sample_282	follow_up_282	Yes	2000-08-16 08:12:36	Blood Derived Normal - Platelet Poor Plasma	2020-04-14 09:42:44	338	No	12	6	98	No	Unknown	21	Yes	250	Yes	Yes	Yes	Yes	N/A	Yes	Yes	Yes	Yes	N/A	No	No
sample	ardac-p-alchepnet	sample_283	follow_up_283	Yes	2001-10-05 08:32:27	Peripheral Blood Mononuclear Cells	2007-09-29 07:01:37	222	No	14	7	3	No	Frozen	11	Yes	119	Yes	N/A	No	Yes	No	Yes	Yes	Yes	Yes	No	No	N/A
sample	ardac-p-alchepnet	sample_284	follow_up_284	No	2008-03-21 02:55:32		2018-11-15 03:34:34	67	No	16	9	49	No	Frozen	1	No	251	No	N/A	No	Yes	No	N/A	N/A	N/A	No	N/A	No	No
sample	ardac-p-alchepnet	sample_285	follow_up_285	No	2020-08-02 05:28:26		2021-01-07 07:38:31	171	No	7	9	12	No	Unknown	20	No	87	Yes	Yes	Yes	N/A	Yes	Yes	Yes	Yes	Yes	N/A	No	No
sample	ardac-p-alchepnet	sample_286	follow_up_286	Yes	2014-09-29 20:49:52	Anakinra	2021-12-02 13:40:40	6	No	24	8	30	No	Frozen	9	Yes	94	No	N/A	Yes	Yes	Yes	N/A	Yes	N/A	N/A	No	Yes	N/A
sample	ardac-p-alchepnet	sample_287	follow_up_287	Yes	2005-04-03 23:45:05	Blood Derived Normal - HCl/Neat Plasma	2012-11-20 08:22:42	167	Yes	21	9	50	No	Unknown	4	Yes	277	No	Yes	Yes	No	N/A	N/A	N/A	N/A	No	No	Yes	Yes
sample	ardac-p-alchepnet	sample_288	follow_up_288	No	2000-01-09 14:59:00		2015-05-08 02:47:47	329	Yes	2	7	53	No	Not Reported	11	Yes	24	Yes	N/A	No	No	Yes	Yes	Yes	N/A	No	N/A	No	N/A
sample	ardac-p-alchepnet	sample_289	follow_up_289	No	2019-04-21 01:20:25		2021-10-23 20:42:30	337	Yes	14	11	65	No	Not Reported	24	No	56	No	Yes	Yes	N/A	N/A	N/A	Yes	No	No	Yes	N/A	Yes
sample	ardac-p-alchepnet	sample_290	follow_up_290	Yes	2009-05-25 07:11:14	Blood Derived Normal - Whole blood	2012-05-06 04:54:19	362	No	15	5	75	Yes	Frozen	6	No	177	No	Yes	No	N/A	N/A	N/A	No	Yes	N/A	Yes	N/A	N/A
sample	ardac-p-alchepnet	sample_291	follow_up_291	No	2019-05-08 09:53:39		2020-09-04 20:19:08	205	Yes	4	2	24	Yes	Frozen	5	No	219	No	No	No	No	Yes	No	N/A	Yes	N/A	No	Yes	Yes
sample	ardac-p-alchepnet	sample_292	follow_up_292	No	2018-10-28 17:18:18		2021-03-27 00:05:40	143	Yes	13	7	71	No	Frozen	21	Yes	299	No	Yes	Yes	Yes	N/A	N/A	Yes	N/A	N/A	Yes	Yes	No
sample	ardac-p-alchepnet	sample_293	follow_up_293	No	2015-02-26 09:38:35		2018-01-10 12:01:12	345	No	7	7	14	No	Not Reported	6	Yes	356	Yes	N/A	Yes	N/A	Yes	Yes	N/A	No	N/A	No	Yes	No
sample	ardac-p-alchepnet	sample_294	follow_up_294	No	2007-04-15 05:28:42		2020-02-28 13:17:36	147	Yes	7	8	45	Yes	Unknown	14	No	199	No	N/A	N/A	No	No	No	Yes	N/A	N/A	Yes	Yes	No
sample	ardac-p-alchepnet	sample_295	follow_up_295	No	2010-11-27 11:32:36		2020-02-07 18:49:15	67	No	7	10	9	No	Frozen	5	Yes	140	No	No	N/A	N/A	N/A	No	N/A	N/A	N/A	No	No	N/A
sample	ardac-p-alchepnet	sample_296	follow_up_296	Yes	2004-02-08 17:05:15	Anakinra	2007-11-05 17:52:41	231	No	24	3	28	No	Unknown	21	Yes	207	Yes	No	N/A	Yes	Yes	N/A	Yes	N/A	Yes	Yes	No	N/A
sample	ardac-p-alchepnet	sample_297	follow_up_297	No	2001-04-26 10:59:36		2013-07-22 22:09:51	75	No	11	3	49	Yes	Frozen	6	Yes	108	Yes	No	No	Yes	Yes	N/A	Yes	No	No	No	No	Yes
sample	ardac-p-alchepnet	sample_298	follow_up_298	No	2015-04-15 02:10:16		2021-02-21 15:07:08	71	No	8	4	30	Yes	Not Reported	6	Yes	128	Yes	No	N/A	Yes	No	No	Yes	No	N/A	N/A	No	N/A
sample	ardac-p-alchepnet	sample_299	follow_up_299	No	2011-03-15 05:01:15		2020-04-20 10:29:16	123	No	17	4	18	No	Not Reported	7	No	206	No	N/A	N/A	N/A	No	No	N/A	No	N/A	N/A	Yes	Yes
sample	ardac-p-alchepnet	sample_300	follow_up_300	Yes	2000-06-20 02:52:29	Blood Derived Normal	2007-06-07 01:43:07	211	Yes	14	9	71	No	Not Reported	21	No	241	Yes	Yes	N/A	No	No	N/A	N/A	Yes	Yes	N/A	No	No
sample	ardac-p-alchepnet	sample_301	follow_up_301	No	2006-02-09 20:46:14		2017-02-11 18:07:03	84	Yes	9	4	6	Yes	Frozen	23	Yes	215	No	Yes	Yes	N/A	No	N/A	No	No	Yes	N/A	No	No
sample	ardac-p-alchepnet	sample_302	follow_up_302	No	2003-04-06 06:12:04		2009-12-17 08:54:19	221	No	5	1	64	Yes	Unknown	1	Yes	100	No	Yes	N/A	Yes	No	No	No	N/A	N/A	N/A	N/A	N/A
sample	ardac-p-alchepnet	sample_303	follow_up_303	No	2005-09-15 20:27:15		2019-01-10 09:02:38	89	No	19	9	4	No	Not Reported	9	Yes	191	Yes	Yes	N/A	Yes	N/A	Yes	No	N/A	No	N/A	N/A	No
sample	ardac-p-alchepnet	sample_304	follow_up_304	Yes	2005-10-02 12:33:11	Blood Derived Normal	2019-04-28 19:51:35	274	Yes	16	8	85	Yes	Frozen	14	No	138	No	Yes	Yes	No	N/A	No	Yes	N/A	No	No	No	No
sample	ardac-p-alchepnet	sample_305	follow_up_305	Yes	2012-04-04 06:24:51	Blood Derived Normal - HCl/Neat Plasma	2020-05-16 02:38:07	131	Yes	5	8	55	No	Unknown	10	No	18	No	N/A	No	Yes	No	No	N/A	No	N/A	Yes	N/A	Yes
sample	ardac-p-alchepnet	sample_306	follow_up_306	Yes	2006-06-23 07:44:17	Blood Derived Normal - Serum	2021-12-24 17:59:44	132	No	20	3	50	Yes	Unknown	22	No	27	No	Yes	Yes	N/A	No	No	N/A	N/A	N/A	Yes	N/A	N/A
sample	ardac-p-alchepnet	sample_307	follow_up_307	Yes	2018-09-01 09:10:30	Urine	2019-03-28 16:31:18	187	Yes	16	11	75	Yes	Unknown	24	Yes	136	Yes	N/A	No	N/A	No	N/A	Yes	No	Yes	N/A	No	Yes
sample	ardac-p-alchepnet	sample_308	follow_up_308	Yes	2013-05-10 09:26:28	Peripheral Blood Mononuclear Cells	2015-11-15 22:01:18	55	Yes	16	2	12	No	Not Reported	8	Yes	222	No	Yes	N/A	N/A	No	No	No	Yes	N/A	No	No	N/A
sample	ardac-p-alchepnet	sample_309	follow_up_309	No	2010-09-22 04:06:43		2018-03-09 08:18:02	321	No	14	4	41	Yes	Unknown	12	Yes	179	No	N/A	N/A	N/A	N/A	Yes	No	No	No	No	Yes	No
sample	ardac-p-alchepnet	sample_310	follow_up_310	No	2003-12-22 04:02:41		2020-11-19 04:36:25	267	Yes	11	11	49	Yes	Not Reported	11	Yes	319	Yes	Yes	Yes	Yes	Yes	N/A	Yes	N/A	Yes	No	N/A	N/A
sample	ardac-p-alchepnet	sample_311	follow_up_311	No	2012-10-31 00:47:30		2020-05-31 12:53:17	266	Yes	19	8	20	Yes	Unknown	12	Yes	17	Yes	Yes	N/A	Yes	Yes	N/A	No	No	N/A	Yes	Yes	N/A
sample	ardac-p-alchepnet	sample_312	follow_up_312	Yes	2005-11-13 16:25:35	Peripheral Blood Mononuclear Cells	2012-03-18 02:35:21	224	No	4	9	69	No	Not Reported	14	No	279	No	Yes	No	Yes	Yes	No	Yes	N/A	N/A	No	No	No
sample	ardac-p-alchepnet	sample_313	follow_up_313	Yes	2014-02-09 12:12:18	Urine	2015-07-30 23:39:19	320	No	5	4	72	Yes	Not Reported	1	Yes	65	No	No	N/A	Yes	Yes	Yes	N/A	No	N/A	No	N/A	Yes
sample	ardac-p-alchepnet	sample_314	follow_up_314	Yes	2012-03-31 23:40:35	Blood Derived Normal	2013-07-08 15:24:34	320	No	12	11	70	No	Unknown	6	Yes	10	Yes	No	N/A	No	No	No	No	Yes	N/A	N/A	No	N/A
sample	ardac-p-alchepnet	sample_315	follow_up_315	Yes	2015-10-06 16:15:51	Anakinra	2018-04-10 09:06:29	234	Yes	14	8	14	Yes	Unknown	15	Yes	333	Yes	N/A	No	No	N/A	N/A	N/A	No	N/A	N/A	Yes	Yes
sample	ardac-p-alchepnet	sample_316	follow_up_316	Yes	2021-06-06 14:11:03	Peripheral Blood Mononuclear Cells	2021-07-24 06:43:01	203	No	22	11	41	No	Frozen	14	Yes	337	No	N/A	No	N/A	N/A	Yes	Yes	Yes	N/A	No	No	N/A
sample	ardac-p-alchepnet	sample_317	follow_up_317	Yes	2020-11-09 09:18:54	Blood Derived Normal	2021-04-20 19:52:07	198	Yes	13	7	10	No	Unknown	11	Yes	250	No	N/A	N/A	No	Yes	Yes	N/A	No	Yes	No	N/A	No
sample	ardac-p-alchepnet	sample_318	follow_up_318	No	2002-09-01 13:01:37		2020-02-15 11:44:16	278	No	6	1	58	No	Not Reported	2	No	121	No	N/A	N/A	Yes	No	N/A	N/A	Yes	No	N/A	Yes	N/A
sample	ardac-p-alchepnet	sample_319	follow_up_319	No	2008-04-19 12:32:09		2011-10-19 20:47:00	55	Yes	22	6	33	Yes	Unknown	9	No	141	Yes	No	Yes	No	No	N/A	No	No	N/A	N/A	Yes	N/A
sample	ardac-p-alchepnet	sample_320	follow_up_320	Yes	2021-08-05 04:57:21	Blood Derived Normal - Serum	2021-09-25 13:43:37	55	No	22	4	17	Yes	Frozen	1	Yes	142	No	No	N/A	Yes	N/A	No	No	N/A	Yes	N/A	Yes	Yes
sample	ardac-p-alchepnet	sample_321	follow_up_321	No	2002-02-24 13:23:26		2010-10-10 19:59:37	226	No	20	6	50	No	Frozen	5	Yes	280	No	N/A	No	N/A	N/A	Yes	N/A	N/A	Yes	No	N/A	N/A
sample	ardac-p-alchepnet	sample_322	follow_up_322	Yes	2017-07-05 17:45:39	Peripheral Blood Mononuclear Cells	2018-01-22 14:36:11	149	No	8	3	11	No	Frozen	19	No	139	No	Yes	N/A	No	Yes	No	N/A	Yes	N/A	N/A	Yes	N/A
sample	ardac-p-alchepnet	sample_323	follow_up_323	Yes	2008-12-13 03:18:47	Blood Derived Normal - Platelet Poor Plasma	2009-03-19 10:37:00	45	Yes	1	1	51	Yes	Frozen	20	Yes	82	No	No	Yes	Yes	No	Yes	Yes	No	No	Yes	N/A	N/A
sample	ardac-p-alchepnet	sample_324	follow_up_324	Yes	2007-07-24 12:04:21	Saliva	2010-09-06 06:47:13	212	No	16	1	56	Yes	Unknown	21	Yes	279	Yes	Yes	Yes	Yes	No	Yes	Yes	No	Yes	N/A	N/A	N/A
sample	ardac-p-alchepnet	sample_325	follow_up_325	Yes	2021-08-31 20:20:38	Stool	2021-11-12 16:34:18	201	Yes	14	1	84	No	Unknown	21	Yes	191	No	N/A	N/A	No	N/A	Yes	N/A	No	No	Yes	N/A	Yes
sample	ardac-p-alchepnet	sample_326	follow_up_326	Yes	2016-05-24 23:30:59	Peripheral Blood Mononuclear Cells	2021-04-01 02:49:51	218	No	21	11	88	No	Not Reported	23	No	250	Yes	Yes	N/A	N/A	N/A	No	No	N/A	N/A	N/A	No	No
sample	ardac-p-alchepnet	sample_327	follow_up_327	Yes	2017-11-20 07:26:02	Blood Derived Normal - Serum	2017-11-25 21:38:22	331	Yes	23	7	84	Yes	Not Reported	13	No	333	Yes	N/A	No	No	N/A	N/A	Yes	N/A	N/A	Yes	N/A	Yes
sample	ardac-p-alchepnet	sample_328	follow_up_328	Yes	2014-11-11 05:12:04	Anakinra	2018-09-27 19:57:15	284	Yes	7	8	34	No	Unknown	3	Yes	122	No	Yes	Yes	N/A	N/A	N/A	No	N/A	No	No	Yes	No
sample	ardac-p-alchepnet	sample_329	follow_up_329	Yes	2001-01-29 21:44:42	Anakinra	2008-12-06 00:34:48	149	No	11	6	83	No	Frozen	2	No	131	Yes	Yes	N/A	No	Yes	N/A	N/A	No	N/A	Yes	No	No
sample	ardac-p-alchepnet	sample_330	follow_up_330	Yes	2011-05-17 12:52:19	Stool	2019-06-21 15:08:22	177	No	6	4	73	No	Unknown	24	No	194	Yes	Yes	Yes	N/A	N/A	N/A	N/A	N/A	Yes	No	N/A	No
sample	ardac-p-alchepnet	sample_331	follow_up_331	No	2007-01-15 19:03:49		2014-01-20 05:11:57	1	Yes	9	2	64	Yes	Not Reported	6	Yes	237	No	N/A	N/A	N/A	Yes	No	No	N/A	No	No	Yes	No
sample	ardac-p-alchepnet	sample_332	follow_up_332	No	2000-07-26 20:44:35		2010-08-23 09:18:38	311	Yes	5	2	11	No	Unknown	6	Yes	266	No	N/A	No	Yes	N/A	N/A	No	No	N/A	N/A	No	Yes
sample	ardac-p-alchepnet	sample_333	follow_up_333	No	2010-10-27 02:35:33		2011-06-28 07:35:26	357	Yes	7	4	15	No	Not Reported	15	Yes	331	Yes	Yes	Yes	No	No	Yes	Yes	Yes	No	Yes	N/A	Yes
sample	ardac-p-alchepnet	sample_334	follow_up_334	Yes	2018-09-23 02:42:01	Blood Derived Normal - Serum	2020-04-24 04:46:00	262	Yes	24	4	75	No	Unknown	2	Yes	229	No	Yes	No	Yes	N/A	No	N/A	Yes	N/A	N/A	Yes	No
sample	ardac-p-alchepnet	sample_335	follow_up_335	Yes	2014-01-26 18:58:48	Blood Derived Normal	2020-01-07 09:06:40	10	No	7	9	68	Yes	Frozen	17	Yes	338	No	N/A	No	Yes	Yes	Yes	No	Yes	Yes	No	Yes	No
sample	ardac-p-alchepnet	sample_336	follow_up_336	Yes	2015-07-11 15:11:09	Peripheral Blood Mononuclear Cells	2017-01-18 06:29:16	53	No	6	2	12	No	Unknown	10	Yes	59	Yes	N/A	N/A	N/A	No	N/A	No	Yes	Yes	N/A	No	Yes
sample	ardac-p-alchepnet	sample_337	follow_up_337	No	2009-07-10 01:59:23		2010-06-21 08:23:13	65	No	23	7	27	No	Not Reported	7	Yes	53	Yes	N/A	No	N/A	Yes	Yes	No	Yes	No	N/A	No	No
sample	ardac-p-alchepnet	sample_338	follow_up_338	Yes	2004-10-19 11:48:08	Anakinra	2012-09-04 01:34:36	214	No	1	1	75	Yes	Unknown	4	Yes	312	No	N/A	No	Yes	Yes	No	No	No	Yes	No	N/A	Yes
sample	ardac-p-alchepnet	sample_339	follow_up_339	Yes	2020-08-13 17:43:23	Saliva	2021-12-26 12:27:40	11	Yes	12	11	42	Yes	Unknown	16	Yes	137	Yes	Yes	No	N/A	Yes	No	N/A	N/A	No	Yes	No	No
sample	ardac-p-alchepnet	sample_340	follow_up_340	Yes	2000-11-24 16:06:26	Peripheral Blood Mononuclear Cells	2018-11-12 05:24:43	93	Yes	6	1	61	No	Not Reported	9	Yes	15	No	No	N/A	Yes	No	N/A	N/A	N/A	N/A	N/A	No	No
sample	ardac-p-alchepnet	sample_341	follow_up_341	Yes	2012-11-02 02:49:57	Blood Derived Normal - Whole blood	2020-06-14 20:26:39	59	Yes	18	4	7	Yes	Not Reported	2	Yes	222	No	N/A	N/A	Yes	Yes	Yes	N/A	Yes	N/A	N/A	N/A	N/A
sample	ardac-p-alchepnet	sample_342	follow_up_342	No	2021-06-01 23:22:51		2021-09-18 21:54:07	246	No	21	7	21	Yes	Not Reported	1	No	100	Yes	No	N/A	Yes	No	Yes	Yes	No	Yes	Yes	No	N/A
sample	ardac-p-alchepnet	sample_343	follow_up_343	Yes	2016-01-17 05:07:07	Saliva	2016-04-25 01:03:31	92	Yes	5	9	73	No	Not Reported	22	Yes	271	Yes	N/A	No	No	N/A	Yes	Yes	Yes	N/A	N/A	No	No
sample	ardac-p-alchepnet	sample_344	follow_up_344	Yes	2002-05-24 01:41:19	Blood Derived Normal - HCl/Neat Plasma	2008-11-29 11:30:07	110	Yes	21	8	85	No	Frozen	5	Yes	108	No	N/A	N/A	No	Yes	No	N/A	N/A	Yes	No	N/A	N/A
sample	ardac-p-alchepnet	sample_345	follow_up_345	Yes	2020-10-22 20:03:48	Peripheral Blood Mononuclear Cells	2021-12-04 06:03:08	222	No	18	6	60	No	Not Reported	14	Yes	237	Yes	Yes	N/A	Yes	N/A	No	Yes	N/A	No	N/A	Yes	N/A
sample	ardac-p-alchepnet	sample_346	follow_up_346	No	2021-05-20 18:04:52		2021-12-25 09:42:12	294	No	22	2	42	No	Not Reported	22	No	142	No	N/A	Yes	Yes	Yes	No	No	N/A	No	N/A	Yes	No
sample	ardac-p-alchepnet	sample_347	follow_up_347	Yes	2002-09-04 15:41:44	Blood Derived Normal	2019-05-29 11:03:04	260	No	20	3	17	Yes	Not Reported	18	Yes	162	Yes	No	N/A	Yes	Yes	N/A	Yes	N/A	Yes	Yes	N/A	No
sample	ardac-p-alchepnet	sample_348	follow_up_348	No	2008-02-29 05:00:03		2016-08-21 20:48:26	42	No	6	2	45	No	Unknown	5	No	145	No	Yes	Yes	No	N/A	Yes	N/A	Yes	No	Yes	N/A	Yes
sample	ardac-p-alchepnet	sample_349	follow_up_349	No	2009-05-26 04:46:49		2018-01-23 19:25:00	42	No	19	5	24	No	Not Reported	5	No	210	No	No	No	No	Yes	N/A	Yes	Yes	Yes	N/A	N/A	N/A
sample	ardac-p-alchepnet	sample_350	follow_up_350	Yes	2013-04-18 08:04:18	Blood Derived Normal - Platelet Poor Plasma	2015-12-09 10:50:35	264	Yes	11	10	8	No	Unknown	2	No	64	No	Yes	No	No	N/A	No	N/A	N/A	Yes	No	No	No
sample	ardac-p-alchepnet	sample_351	follow_up_351	No	2017-03-16 03:52:24		2017-04-22 20:24:11	322	No	20	6	91	Yes	Not Reported	14	Yes	233	Yes	No	N/A	N/A	No	No	No	Yes	Yes	N/A	Yes	Yes
sample	ardac-p-alchepnet	sample_352	follow_up_352	Yes	2019-04-19 05:14:13	Blood Derived Normal - Whole blood	2020-01-13 00:29:43	32	Yes	16	6	21	No	Not Reported	9	No	330	Yes	N/A	No	N/A	N/A	Yes	Yes	No	No	N/A	Yes	N/A
sample	ardac-p-alchepnet	sample_353	follow_up_353	Yes	2012-08-30 05:41:56	Peripheral Blood Mononuclear Cells	2014-03-29 06:25:30	33	No	9	5	62	Yes	Unknown	17	Yes	281	Yes	N/A	N/A	N/A	N/A	Yes	N/A	Yes	Yes	Yes	Yes	No
sample	ardac-p-alchepnet	sample_354	follow_up_354	Yes	2021-06-09 15:11:03	Blood Derived Normal - Serum	2021-09-02 20:06:06	81	Yes	3	5	94	No	Unknown	11	Yes	226	No	No	No	No	N/A	Yes	Yes	No	No	Yes	No	N/A
sample	ardac-p-alchepnet	sample_355	follow_up_355	No	2005-03-16 07:20:12		2006-06-16 06:13:28	162	Yes	24	7	5	No	Frozen	20	No	352	No	N/A	Yes	Yes	N/A	N/A	N/A	No	No	No	N/A	Yes
sample	ardac-p-alchepnet	sample_356	follow_up_356	Yes	2014-06-16 10:39:27	Blood Derived Normal - Serum	2016-04-05 00:55:59	324	Yes	5	1	68	No	Unknown	12	Yes	250	Yes	No	N/A	No	N/A	N/A	No	N/A	Yes	Yes	No	Yes
sample	ardac-p-alchepnet	sample_357	follow_up_357	Yes	2006-11-05 01:05:14	Peripheral Blood Mononuclear Cells	2021-08-28 11:05:54	121	Yes	2	2	68	Yes	Unknown	16	No	308	Yes	Yes	Yes	No	N/A	Yes	No	No	No	N/A	No	N/A
sample	ardac-p-alchepnet	sample_358	follow_up_358	Yes	2019-07-05 10:02:35	Saliva	2020-05-10 05:04:07	276	No	18	6	15	Yes	Frozen	13	Yes	156	Yes	N/A	Yes	Yes	No	No	N/A	N/A	N/A	Yes	No	N/A
sample	ardac-p-alchepnet	sample_359	follow_up_359	No	2005-09-26 05:41:36		2009-06-27 09:40:09	13	Yes	18	11	85	Yes	Unknown	20	Yes	145	No	Yes	N/A	Yes	Yes	No	N/A	Yes	N/A	Yes	N/A	Yes
sample	ardac-p-alchepnet	sample_360	follow_up_360	Yes	2005-10-19 03:44:42	Blood Derived Normal - HCl/Neat Plasma	2016-04-22 09:37:07	82	Yes	9	9	71	No	Frozen	17	No	350	Yes	Yes	N/A	No	N/A	N/A	N/A	N/A	N/A	Yes	No	N/A
sample	ardac-p-alchepnet	sample_361	follow_up_361	No	2015-04-08 19:27:01		2016-08-05 02:46:07	247	Yes	20	6	22	Yes	Unknown	21	Yes	248	No	Yes	No	Yes	Yes	No	N/A	N/A	N/A	Yes	No	Yes
sample	ardac-p-alchepnet	sample_362	follow_up_362	Yes	2010-08-11 07:10:11	Blood Derived Normal - HCl/Neat Plasma	2018-12-18 11:26:17	361	No	19	11	92	No	Not Reported	15	Yes	248	No	N/A	No	No	N/A	No	No	Yes	No	Yes	N/A	N/A
sample	ardac-p-alchepnet	sample_363	follow_up_363	No	2016-03-20 09:33:29		2020-12-08 02:57:54	95	Yes	4	11	16	No	Not Reported	23	No	185	Yes	Yes	N/A	N/A	No	Yes	No	Yes	No	N/A	No	No
sample	ardac-p-alchepnet	sample_364	follow_up_364	No	2016-08-09 00:31:36		2017-02-23 22:54:47	51	No	2	4	14	Yes	Unknown	22	No	341	Yes	N/A	Yes	N/A	No	N/A	No	No	N/A	N/A	Yes	Yes
sample	ardac-p-alchepnet	sample_365	follow_up_365	No	2020-01-15 17:54:49		2021-07-21 19:10:16	241	No	18	6	20	No	Unknown	13	No	43	Yes	N/A	N/A	N/A	No	Yes	N/A	Yes	Yes	Yes	N/A	N/A
sample	ardac-p-alchepnet	sample_366	follow_up_366	No	2006-02-07 14:20:17		2017-01-12 11:24:47	297	No	17	8	90	Yes	Frozen	20	No	10	No	Yes	Yes	N/A	N/A	N/A	No	N/A	Yes	No	Yes	No
sample	ardac-p-alchepnet	sample_367	follow_up_367	Yes	2013-01-30 09:31:09	Blood Derived Normal	2014-08-26 06:04:34	310	Yes	5	9	28	No	Not Reported	21	Yes	236	Yes	Yes	No	No	No	Yes	No	No	N/A	N/A	N/A	No
sample	ardac-p-alchepnet	sample_368	follow_up_368	No	2006-11-03 03:49:48		2019-10-21 10:06:10	222	Yes	21	4	75	Yes	Not Reported	19	No	220	Yes	N/A	No	No	N/A	N/A	No	N/A	Yes	No	No	N/A
sample	ardac-p-alchepnet	sample_369	follow_up_369	No	2013-03-23 15:25:16		2020-01-28 06:30:34	153	No	22	7	81	Yes	Not Reported	4	No	107	No	Yes	Yes	N/A	No	No	Yes	N/A	N/A	N/A	No	Yes
sample	ardac-p-alchepnet	sample_370	follow_up_370	Yes	2020-02-23 00:41:12	Blood Derived Normal	2021-03-15 00:05:48	219	Yes	1	11	69	Yes	Not Reported	8	No	155	No	N/A	N/A	N/A	Yes	N/A	N/A	N/A	N/A	No	No	Yes
sample	ardac-p-alchepnet	sample_371	follow_up_371	No	2021-10-25 00:57:41		2021-12-18 03:57:05	345	Yes	13	9	1	Yes	Not Reported	3	Yes	142	No	N/A	No	Yes	No	No	No	No	N/A	No	Yes	Yes
sample	ardac-p-alchepnet	sample_372	follow_up_372	No	2008-06-03 08:42:03		2013-02-19 05:10:22	313	No	12	7	51	Yes	Not Reported	22	No	280	Yes	Yes	No	No	N/A	N/A	No	Yes	No	Yes	Yes	N/A
sample	ardac-p-alchepnet	sample_373	follow_up_373	Yes	2009-02-07 02:02:26	Urine	2017-08-17 15:16:02	104	Yes	18	7	91	Yes	Not Reported	21	Yes	101	No	N/A	Yes	No	Yes	No	N/A	N/A	No	No	No	N/A
sample	ardac-p-alchepnet	sample_374	follow_up_374	Yes	2008-03-18 00:30:07	Blood Derived Normal - Serum	2020-04-23 03:20:08	324	Yes	9	10	33	Yes	Not Reported	11	No	104	Yes	Yes	N/A	Yes	No	Yes	No	No	N/A	No	No	Yes
sample	ardac-p-alchepnet	sample_375	follow_up_375	Yes	2000-02-20 02:51:58	Peripheral Blood Mononuclear Cells	2016-12-29 16:35:10	135	Yes	19	7	18	No	Unknown	1	Yes	30	Yes	Yes	No	Yes	Yes	No	Yes	Yes	N/A	No	N/A	No
sample	ardac-p-alchepnet	sample_376	follow_up_376	Yes	2018-03-31 22:55:55	Peripheral Blood Mononuclear Cells	2018-05-09 18:26:29	15	No	6	3	4	Yes	Frozen	10	No	125	No	N/A	No	No	N/A	No	N/A	Yes	Yes	No	Yes	N/A
sample	ardac-p-alchepnet	sample_377	follow_up_377	No	2019-05-10 20:59:10		2020-01-15 08:43:09	19	No	10	11	26	Yes	Not Reported	6	No	150	No	N/A	N/A	Yes	No	N/A	No	N/A	No	N/A	N/A	Yes
sample	ardac-p-alchepnet	sample_378	follow_up_378	No	2021-03-14 15:26:54		2021-12-10 10:28:04	86	Yes	11	7	86	No	Unknown	15	Yes	122	Yes	N/A	No	No	No	N/A	Yes	Yes	N/A	No	N/A	No
sample	ardac-p-alchepnet	sample_379	follow_up_379	Yes	2017-04-24 21:32:02	Blood Derived Normal	2019-03-13 06:46:42	157	Yes	6	7	67	No	Not Reported	5	Yes	126	No	No	N/A	No	No	Yes	N/A	Yes	No	No	Yes	N/A
sample	ardac-p-alchepnet	sample_380	follow_up_380	No	2001-06-23 04:12:19		2019-08-10 03:46:57	104	Yes	11	1	91	No	Frozen	21	No	20	Yes	No	Yes	N/A	N/A	Yes	No	Yes	Yes	Yes	No	No
sample	ardac-p-alchepnet	sample_381	follow_up_381	No	2015-09-09 22:16:22		2017-08-21 09:56:06	147	No	5	6	88	Yes	Unknown	20	No	37	No	N/A	Yes	No	N/A	Yes	N/A	No	N/A	No	Yes	Yes
sample	ardac-p-alchepnet	sample_382	follow_up_382	No	2002-06-22 20:14:05		2007-12-12 15:16:01	270	No	8	4	49	Yes	Frozen	7	No	275	Yes	N/A	No	N/A	N/A	No	Yes	N/A	Yes	Yes	Yes	Yes
sample	ardac-p-alchepnet	sample_383	follow_up_383	Yes	2005-04-25 10:04:56	Blood Derived Normal - Whole blood	2009-08-05 06:01:22	341	Yes	15	8	15	No	Frozen	16	No	41	No	N/A	Yes	N/A	N/A	N/A	Yes	N/A	No	Yes	No	N/A
sample	ardac-p-alchepnet	sample_384	follow_up_384	No	2004-07-13 21:02:32		2019-06-29 07:50:20	146	No	7	4	17	No	Frozen	2	No	109	Yes	No	No	N/A	No	No	Yes	N/A	Yes	No	No	Yes
sample	ardac-p-alchepnet	sample_385	follow_up_385	Yes	2014-07-09 11:09:42	Blood Derived Normal - Platelet Poor Plasma	2019-06-22 23:14:44	16	Yes	11	9	41	Yes	Not Reported	11	Yes	273	Yes	No	N/A	N/A	No	N/A	No	No	No	Yes	No	N/A
sample	ardac-p-alchepnet	sample_386	follow_up_386	Yes	2018-03-25 01:24:00	Stool	2020-04-05 04:26:27	258	No	19	11	73	No	Not Reported	10	No	238	No	Yes	N/A	No	Yes	N/A	No	N/A	No	Yes	N/A	Yes
sample	ardac-p-alchepnet	sample_387	follow_up_387	Yes	2018-10-24 15:37:15	Blood Derived Normal - Whole blood	2021-08-30 13:01:07	158	Yes	6	8	91	No	Not Reported	12	No	245	Yes	N/A	Yes	Yes	N/A	No	No	Yes	Yes	Yes	N/A	Yes
sample	ardac-p-alchepnet	sample_388	follow_up_388	Yes	2014-02-17 15:56:35	Blood Derived Normal	2016-01-07 07:03:47	12	Yes	18	10	62	Yes	Not Reported	4	No	293	No	Yes	N/A	Yes	No	No	No	Yes	N/A	Yes	No	N/A
sample	ardac-p-alchepnet	sample_389	follow_up_389	Yes	2006-11-07 00:46:20	Stool	2014-05-05 11:12:51	79	No	5	8	38	No	Frozen	24	Yes	105	Yes	Yes	No	Yes	No	No	Yes	No	No	Yes	Yes	N/A
sample	ardac-p-alchepnet	sample_390	follow_up_390	Yes	2006-03-08 08:53:46	Blood Derived Normal - Whole blood	2013-07-19 05:33:24	56	No	18	2	22	Yes	Frozen	17	No	333	No	No	N/A	No	Yes	Yes	N/A	Yes	N/A	No	Yes	Yes
sample	ardac-p-alchepnet	sample_391	follow_up_391	No	2000-03-18 15:59:43		2005-11-30 05:41:47	74	No	22	9	49	No	Unknown	22	No	223	Yes	No	N/A	Yes	No	Yes	N/A	No	Yes	Yes	No	Yes
sample	ardac-p-alchepnet	sample_392	follow_up_392	No	2005-08-26 13:37:45		2018-04-18 11:44:32	206	No	1	8	68	Yes	Not Reported	21	Yes	198	Yes	Yes	Yes	No	N/A	Yes	N/A	Yes	N/A	Yes	No	No
sample	ardac-p-alchepnet	sample_393	follow_up_393	No	2006-10-25 13:53:21		2012-02-13 03:59:37	24	Yes	15	8	29	No	Frozen	20	Yes	248	No	Yes	N/A	Yes	Yes	N/A	N/A	N/A	Yes	No	Yes	No
sample	ardac-p-alchepnet	sample_394	follow_up_394	Yes	2016-03-27 07:33:43	Peripheral Blood Mononuclear Cells	2020-10-01 11:48:18	72	Yes	7	9	78	Yes	Not Reported	3	Yes	248	Yes	N/A	N/A	Yes	Yes	Yes	No	N/A	Yes	N/A	No	N/A
sample	ardac-p-alchepnet	sample_395	follow_up_395	No	2014-12-14 17:23:13		2019-12-04 09:11:09	159	No	17	9	33	Yes	Frozen	13	No	334	No	No	Yes	Yes	No	N/A	Yes	Yes	No	No	Yes	N/A
sample	ardac-p-alchepnet	sample_396	follow_up_396	Yes	2002-10-30 22:25:39	Saliva	2018-06-20 00:48:00	61	Yes	16	11	35	Yes	Frozen	11	Yes	251	No	No	Yes	No	No	Yes	Yes	No	No	N/A	N/A	No
sample	ardac-p-alchepnet	sample_397	follow_up_397	Yes	2002-09-15 06:06:30	Anakinra	2008-09-25 16:23:20	341	Yes	23	3	44	No	Not Reported	17	Yes	27	Yes	Yes	Yes	Yes	N/A	No	N/A	No	No	N/A	Yes	Yes
sample	ardac-p-alchepnet	sample_398	follow_up_398	Yes	2004-12-28 11:49:10	Blood Derived Normal - HCl/Neat Plasma	2012-09-07 12:10:29	332	No	13	7	77	Yes	Not Reported	2	Yes	364	No	Yes	Yes	No	N/A	N/A	N/A	Yes	Yes	No	N/A	N/A
sample	ardac-p-alchepnet	sample_399	follow_up_399	No	2009-03-11 09:44:06		2012-09-19 11:58:38	41	Yes	21	8	62	Yes	Unknown	4	Yes	42	Yes	No	N/A	No	No	Yes	No	No	N/A	Yes	Yes	Yes
sample	ardac-p-alchepnet	sample_400	follow_up_400	No	2000-04-01 16:26:37		2008-11-01 11:51:58	182	No	23	2	4	No	Unknown	8	No	317	No	Yes	Yes	Yes	No	N/A	Yes	Yes	No	Yes	N/A	N/A